0.000	-0.001	-0.002	-0.002	0.000	0.007	0.020	0.045	0.079	0.127	0.180	0.241	0.294	0.344	0.378	0.401	0.394	0.346	0.256	0.158	0.073	0.018	-0.006	-0.016	-0.018	-0.014	-0.009	-0.005	-0.002	-0.001	-0.000	-0.000
0.000	-0.001	-0.004	-0.011	-0.019	-0.033	-0.042	-0.007	0.091	0.120	0.202	0.345	0.365	0.244	0.053	0.009	-0.173	-0.296	-0.275	-0.276	-0.234	-0.220	-0.180	-0.178	-0.098	0.065	0.309	0.058	-0.138	-0.046	-0.007	-0.000
0.000	0.001	0.008	0.023	0.051	0.094	0.150	0.215	0.284	0.353	0.412	0.443	0.415	0.330	0.214	0.102	0.019	-0.014	-0.037	-0.042	-0.036	-0.025	-0.014	-0.006	-0.002	0.001	0.001	0.001	0.000	-0.000	-0.000	-0.000
0.000	-0.002	-0.008	-0.024	-0.033	-0.028	0.237	0.495	-0.312	-0.328	-0.315	-0.210	-0.182	-0.220	-0.193	-0.227	-0.179	-0.194	-0.143	-0.148	-0.090	-0.089	-0.041	-0.035	-0.004	0.000	0.016	0.015	0.016	0.009	0.003	0.000
0.000	-0.018	-0.077	-0.091	-0.063	-0.061	-0.120	-0.136	-0.202	-0.181	-0.238	-0.185	-0.230	-0.162	-0.200	-0.094	-0.083	0.010	0.029	0.152	0.181	0.302	0.321	0.352	0.319	0.291	0.218	0.155	0.092	0.042	0.009	0.000
0.000	-0.001	-0.006	-0.013	-0.023	-0.031	-0.049	-0.056	-0.091	-0.080	0.012	0.502	0.470	-0.444	-0.351	-0.270	-0.120	-0.126	-0.141	-0.116	-0.114	-0.088	-0.079	-0.054	-0.045	-0.024	-0.017	-0.007	-0.003	-0.000	0.000	0.000
0.000	-0.001	-0.005	-0.010	-0.024	-0.032	-0.058	-0.069	-0.107	-0.113	-0.143	-0.008	0.116	0.208	0.249	0.533	0.396	0.218	-0.001	0.001	-0.256	-0.262	-0.266	-0.191	-0.180	-0.115	-0.100	-0.060	-0.030	0.028	0.013	-0.000
0.000	0.000	0.001	0.001	0.001	-0.004	-0.005	-0.024	-0.031	-0.078	-0.085	-0.164	-0.157	-0.253	-0.219	-0.307	-0.253	-0.344	-0.260	-0.346	-0.228	-0.266	-0.141	-0.005	0.259	0.201	0.220	0.132	0.061	0.011	0.001	-0.000
0.000	-0.002	-0.007	-0.016	-0.032	-0.051	-0.074	-0.100	-0.135	-0.167	-0.202	-0.232	-0.202	-0.051	0.071	0.224	0.348	0.432	0.265	-0.003	-0.032	-0.174	-0.288	-0.269	-0.213	-0.156	-0.115	-0.073	-0.049	-0.018	0.003	0.000
0.000	-0.000	-0.001	-0.002	-0.004	-0.007	-0.013	-0.019	-0.032	-0.046	-0.065	-0.081	-0.104	-0.119	-0.145	-0.147	-0.110	0.107	0.328	0.368	0.375	0.528	0.387	0.176	0.036	0.004	-0.066	-0.061	-0.037	-0.016	-0.004	-0.000
0.000	-0.003	-0.009	-0.023	-0.031	-0.054	-0.057	-0.081	-0.072	-0.092	-0.063	-0.069	-0.016	-0.006	0.048	0.084	0.174	0.224	0.307	0.340	0.384	0.377	0.365	0.318	0.269	0.202	0.134	0.070	0.028	0.007	0.001	-0.000
0.000	0.001	0.006	0.013	0.015	0.005	0.001	-0.024	-0.058	-0.073	-0.086	-0.091	-0.102	-0.104	-0.124	-0.093	0.106	0.557	0.108	-0.571	-0.385	-0.195	-0.071	-0.063	-0.053	-0.038	-0.028	-0.017	-0.009	-0.004	-0.001	-0.000
0.000	0.007	0.032	0.080	0.151	0.241	0.347	0.437	0.470	0.415	0.298	0.147	0.021	-0.044	-0.105	-0.133	-0.139	-0.124	-0.103	-0.077	-0.051	-0.029	-0.020	-0.015	-0.014	-0.013	-0.013	-0.011	-0.008	-0.004	-0.001	-0.000
0.000	-0.000	-0.000	-0.003	-0.004	-0.015	-0.016	-0.039	-0.038	-0.074	-0.067	-0.113	-0.095	-0.064	0.178	0.256	0.387	0.368	0.568	0.402	0.163	0.031	-0.007	-0.148	-0.121	-0.115	-0.065	-0.054	-0.024	-0.014	-0.003	-0.000
0.000	0.001	0.005	0.017	0.041	0.077	0.128	0.190	0.259	0.329	0.397	0.444	0.433	0.355	0.241	0.121	0.025	-0.019	-0.053	-0.065	-0.065	-0.054	-0.042	-0.030	-0.020	-0.012	-0.008	-0.005	-0.003	-0.001	-0.000	-0.000
0.000	0.016	0.065	0.126	0.168	0.159	0.099	-0.001	-0.041	-0.141	-0.232	-0.273	-0.308	-0.255	-0.345	-0.243	-0.194	-0.374	-0.162	-0.190	-0.221	-0.149	-0.170	-0.142	-0.132	-0.113	-0.079	-0.074	-0.031	-0.017	-0.004	-0.000
0.000	-0.001	-0.004	-0.008	-0.012	-0.013	-0.013	-0.006	0.003	0.023	0.052	0.097	0.145	0.205	0.262	0.316	0.353	0.376	0.379	0.367	0.326	0.254	0.166	0.089	0.034	0.006	-0.004	-0.005	-0.004	-0.002	-0.000	-0.000
0.000	-0.000	-0.001	-0.001	-0.001	0.000	-0.003	-0.002	-0.012	-0.009	-0.027	-0.021	-0.054	-0.058	-0.106	-0.081	-0.136	-0.081	0.091	0.403	0.357	0.406	0.503	0.393	0.206	0.055	0.010	-0.036	-0.039	-0.016	-0.005	-0.000
0.000	-0.001	-0.002	-0.003	0.015	0.025	0.065	0.087	0.152	0.122	0.061	0.007	-0.019	-0.151	-0.137	-0.191	-0.138	-0.181	-0.122	-0.161	-0.105	-0.073	0.332	0.542	-0.457	-0.331	-0.138	-0.038	-0.015	-0.009	-0.002	-0.000
0.000	-0.002	-0.008	-0.020	-0.036	-0.061	-0.089	-0.128	-0.161	-0.206	-0.237	-0.284	-0.299	-0.339	-0.379	-0.247	0.024	0.065	0.115	0.117	0.028	-0.078	-0.094	-0.213	-0.236	-0.203	-0.132	-0.088	-0.047	-0.025	-0.006	-0.000
0.000	-0.000	0.001	0.006	0.020	0.023	0.019	-0.007	-0.009	-0.061	-0.090	-0.126	-0.119	-0.144	-0.124	-0.147	-0.166	-0.172	0.134	0.790	0.022	-0.271	-0.185	-0.145	-0.061	-0.047	-0.030	-0.022	-0.011	-0.005	-0.001	-0.000
0.000	0.045	0.121	0.145	0.085	-0.019	-0.148	-0.293	-0.395	-0.406	-0.352	-0.227	-0.111	-0.023	-0.001	0.080	0.057	0.070	-0.012	-0.000	-0.114	-0.117	-0.224	-0.182	-0.227	-0.159	-0.161	-0.097	-0.071	-0.023	-0.007	-0.000
0.000	-0.002	-0.006	-0.013	-0.019	-0.032	-0.031	-0.049	-0.052	-0.093	-0.092	-0.159	-0.159	-0.228	-0.218	-0.294	-0.255	-0.323	-0.282	-0.155	0.179	0.182	0.303	0.325	0.353	0.180	0.034	0.000	-0.019	-0.025	-0.006	-0.000
0.000	-0.002	-0.007	-0.021	-0.033	-0.061	0.166	-0.583	-0.234	-0.332	-0.301	-0.247	-0.162	-0.214	-0.166	-0.224	-0.159	-0.197	-0.124	-0.149	-0.081	-0.093	-0.035	-0.037	-0.003	-0.002	0.015	0.013	0.015	0.008	0.003	0.000
0.000	0.000	0.000	-0.002	-0.015	-0.020	-0.035	-0.035	-0.057	-0.051	-0.078	-0.058	-0.057	0.208	0.548	-0.459	-0.507	-0.322	-0.165	-0.097	-0.102	-0.072	-0.075	-0.047	-0.045	-0.025	-0.021	-0.009	-0.006	-0.001	-0.000	-0.000
0.000	-0.001	-0.009	-0.006	-0.021	-0.002	-0.110	-0.022	0.005	-0.089	0.066	-0.254	0.170	-0.057	0.060	0.294	0.030	0.229	0.095	0.385	0.484	0.322	0.267	0.321	0.173	0.186	0.000	-0.009	0.031	-0.015	-0.002	0.000
0.000	-0.002	-0.007	-0.014	-0.021	-0.031	-0.035	-0.041	-0.035	-0.030	-0.010	0.005	0.040	0.081	0.143	0.200	0.267	0.317	0.361	0.376	0.376	0.352	0.315	0.255	0.179	0.103	0.047	0.015	0.002	-0.001	-0.000	-0.000
0.000	-0.002	-0.006	-0.013	-0.023	-0.038	-0.040	0.074	0.405	0.000	-0.565	-0.452	-0.284	-0.136	-0.156	-0.155	-0.156	-0.145	-0.132	-0.113	-0.096	-0.075	-0.058	-0.040	-0.024	-0.011	-0.002	0.002	0.004	0.004	0.001	0.000
0.000	-0.002	0.026	0.156	-0.178	-0.399	-0.367	-0.241	-0.151	-0.215	-0.208	-0.267	-0.236	-0.283	-0.229	-0.262	-0.188	-0.200	-0.126	-0.118	-0.040	-0.023	0.021	0.038	0.078	0.082	0.087	0.069	0.050	0.025	0.007	0.000
0.000	-0.001	-0.002	0.006	0.015	0.039	0.054	0.112	0.100	0.054	0.004	-0.015	-0.124	-0.129	-0.175	-0.137	-0.174	-0.128	-0.162	-0.118	-0.099	0.277	0.580	-0.423	-0.385	-0.183	-0.063	-0.025	-0.017	-0.006	-0.002	-0.000
0.000	0.000	0.003	0.011	0.019	0.046	0.047	0.031	0.002	-0.006	-0.078	-0.091	-0.126	-0.105	-0.138	-0.108	-0.138	-0.111	-0.096	0.259	0.625	-0.389	-0.430	-0.232	-0.093	-0.042	-0.036	-0.019	-0.013	-0.005	-0.001	-0.000
0.000	0.001	0.004	0.012	0.028	0.042	0.037	0.012	0.002	-0.041	-0.091	-0.107	-0.120	-0.121	-0.130	-0.127	-0.142	-0.098	0.125	0.557	0.067	-0.575	-0.366	-0.168	-0.057	-0.046	-0.034	-0.021	-0.012	-0.005	-0.001	-0.000
0.000	-0.001	-0.005	-0.010	-0.024	-0.033	-0.061	-0.066	-0.078	0.032	0.119	0.201	0.217	0.451	0.343	0.185	-0.008	-0.019	-0.288	-0.296	-0.322	-0.238	-0.249	-0.167	-0.168	-0.100	-0.055	0.112	0.160	-0.051	-0.015	-0.000
0.000	-0.001	-0.005	-0.009	-0.019	-0.022	-0.041	-0.038	-0.024	0.216	0.428	-0.497	-0.522	-0.329	-0.150	-0.109	-0.135	-0.104	-0.120	-0.087	-0.093	-0.059	-0.060	-0.034	-0.032	-0.014	-0.011	-0.001	-0.000	0.001	0.000	0.000
0.000	-0.008	-0.017	-0.025	-0.053	-0.064	-0.109	-0.106	-0.158	-0.131	-0.176	-0.128	-0.158	-0.082	-0.090	-0.001	0.003	0.110	0.144	0.253	0.289	0.363	0.364	0.373	0.324	0.278	0.207	0.143	0.078	0.031	0.006	0.000
0.000	-0.000	0.016	-0.206	-0.134	-0.204	-0.202	-0.213	-0.185	-0.261	-0.233	-0.325	-0.267	-0.337	-0.248	-0.302	-0.195	-0.223	-0.099	-0.104	-0.009	-0.005	0.069	0.081	0.129	0.123	0.126	0.096	0.068	0.033	0.009	0.000
0.000	-0.001	-0.004	-0.007	-0.011	0.015	0.035	0.085	0.108	0.206	0.167	0.091	0.003	-0.019	-0.187	-0.189	-0.241	-0.183	-0.223	-0.158	-0.191	-0.132	-0.096	0.285	0.543	-0.324	-0.263	-0.108	-0.029	-0.008	-0.003	-0.000
0.000	-0.002	-0.010	-0.020	-0.025	-0.023	-0.011	0.013	0.019	0.031	0.019	0.010	-0.008	-0.011	-0.129	-0.157	-0.264	-0.270	-0.373	-0.319	-0.384	-0.309	-0.350	-0.251	-0.251	-0.164	-0.153	-0.077	-0.048	-0.008	-0.002	0.000
0.000	-0.001	-0.004	-0.012	-0.019	-0.038	-0.046	-0.081	-0.085	-0.091	0.050	0.141	0.245	0.251	0.486	0.368	0.177	-0.004	-0.024	-0.285	-0.285	-0.301	-0.215	-0.214	-0.142	-0.135	-0.074	-0.034	0.073	0.073	-0.013	-0.000
0.000	0.031	0.074	0.064	0.005	-0.055	-0.172	-0.238	-0.228	-0.204	-0.128	-0.056	-0.000	-0.000	0.053	-0.000	-0.000	-0.048	-0.031	-0.243	-0.227	-0.397	-0.287	-0.416	-0.268	-0.294	-0.178	-0.158	-0.073	-0.032	-0.001	0.000
0.000	0.002	0.006	0.008	0.003	-0.000	-0.021	-0.044	-0.060	-0.069	-0.080	-0.086	-0.096	-0.108	-0.081	0.150	0.563	-0.061	-0.589	-0.393	-0.196	-0.078	-0.076	-0.061	-0.050	-0.037	-0.025	-0.015	-0.008	-0.003	-0.001	-0.000
0.000	-0.001	-0.004	-0.014	-0.018	-0.041	-0.041	-0.081	-0.062	-0.101	-0.051	0.026	0.322	0.303	0.493	0.315	0.171	0.025	0.028	-0.281	-0.254	-0.308	-0.190	-0.212	-0.116	-0.128	-0.067	-0.025	0.129	0.101	-0.025	-0.000
0.000	0.046	0.118	0.174	0.227	0.153	0.079	0.000	-0.298	-0.456	0.000	-0.131	-0.071	-0.076	-0.159	0.000	0.404	-0.238	0.228	0.000	-0.131	0.000	-0.304	0.000	-0.344	-0.132	0.000	-0.038	-0.065	-0.016	-0.002	0.000
0.000	-0.000	0.045	0.126	-0.248	-0.322	-0.256	-0.141	-0.171	-0.243	-0.234	-0.300	-0.260	-0.309	-0.240	-0.264	-0.182	-0.184	-0.084	-0.070	0.004	0.021	0.097	0.114	0.158	0.152	0.145	0.110	0.074	0.036	0.010	0.000
0.000	-0.002	-0.012	-0.024	-0.052	0.116	-0.526	-0.176	-0.295	-0.277	-0.274	-0.191	-0.241	-0.202	-0.271	-0.199	-0.242	-0.161	-0.193	-0.114	-0.123	-0.054	-0.057	-0.009	-0.005	0.022	0.021	0.031	0.022	0.014	0.004	0.000
0.000	-0.002	-0.007	-0.019	-0.030	-0.054	-0.069	-0.096	-0.108	-0.091	0.035	0.053	0.112	0.089	0.038	-0.081	-0.078	-0.279	-0.330	-0.380	-0.288	-0.286	-0.209	-0.223	-0.166	-0.070	0.266	0.329	-0.053	-0.043	-0.008	-0.000
0.000	-0.001	-0.005	-0.009	-0.018	-0.022	-0.044	-0.052	-0.089	-0.096	-0.147	-0.152	-0.211	-0.199	-0.270	-0.256	-0.171	0.136	0.164	0.326	0.382	0.479	0.282	0.060	-0.004	-0.053	-0.115	-0.074	-0.050	-0.019	-0.006	-0.000
0.000	-0.002	-0.008	-0.020	-0.029	-0.042	-0.048	-0.071	-0.066	-0.100	-0.102	-0.169	-0.167	-0.255	-0.238	-0.322	-0.275	-0.355	-0.293	-0.355	-0.285	-0.235	0.038	0.062	0.167	0.159	0.207	0.085	0.016	-0.001	-0.001	-0.000
0.000	0.001	0.002	0.012	0.012	0.008	-0.007	-0.007	-0.061	-0.070	-0.109	-0.091	-0.130	-0.099	-0.144	-0.126	-0.159	0.269	-0.780	-0.249	-0.262	-0.176	-0.116	-0.060	-0.060	-0.035	-0.034	-0.015	-0.011	-0.003	-0.001	-0.000
0.000	0.015	0.047	0.075	0.062	0.051	0.009	-0.066	-0.069	-0.447	-0.456	-0.260	-0.265	-0.144	-0.088	0.028	0.084	0.035	0.064	0.055	0.172	0.077	0.123	0.032	0.054	0.137	0.202	0.113	0.086	0.038	0.009	0.000
0.000	-0.001	-0.006	-0.014	-0.026	-0.044	-0.063	-0.095	-0.125	-0.159	-0.196	-0.238	-0.267	-0.294	-0.316	-0.336	-0.333	-0.341	-0.349	-0.177	0.018	0.044	0.067	0.072	0.010	-0.027	-0.039	-0.060	-0.048	-0.023	-0.006	-0.000
0.000	-0.002	-0.007	-0.013	-0.024	-0.031	-0.058	-0.063	-0.106	-0.109	-0.169	-0.172	-0.260	-0.229	-0.316	-0.271	-0.350	-0.318	-0.278	0.029	0.028	0.218	0.248	0.378	0.175	0.020	-0.015	-0.025	-0.052	-0.021	-0.006	-0.000
0.000	-0.002	-0.008	-0.013	-0.023	-0.030	-0.045	-0.051	-0.079	-0.087	-0.143	-0.150	-0.215	-0.208	-0.282	-0.267	-0.323	-0.285	-0.265	0.036	0.186	0.264	0.249	0.416	0.244	0.097	-0.001	-0.004	-0.045	-0.023	-0.007	-0.000
0.000	0.001	0.002	0.000	-0.003	-0.021	-0.027	-0.045	-0.043	-0.066	-0.056	-0.084	-0.060	-0.019	0.302	0.445	-0.581	-0.483	-0.260	-0.098	-0.074	-0.081	-0.056	-0.057	-0.034	-0.031	-0.016	-0.012	-0.005	-0.003	-0.000	-0.000
0.000	-0.002	-0.007	-0.015	-0.026	-0.038	-0.058	-0.071	-0.105	-0.127	-0.171	-0.180	-0.235	-0.226	-0.289	-0.283	-0.350	-0.293	-0.326	-0.282	-0.296	-0.261	-0.220	-0.013	0.023	0.076	0.078	0.085	0.031	0.003	-0.001	-0.000
0.000	-0.001	-0.006	-0.011	-0.026	-0.033	-0.044	0.015	0.069	0.130	0.144	0.321	0.257	0.150	-0.011	-0.016	-0.267	-0.284	-0.328	-0.253	-0.283	-0.200	-0.218	-0.139	-0.089	0.205	0.368	-0.173	-0.113	-0.031	-0.004	-0.000
0.000	-0.001	-0.005	-0.010	-0.020	-0.029	-0.012	0.051	0.084	0.154	0.261	0.299	0.201	0.047	0.003	-0.141	-0.273	-0.269	-0.272	-0.236	-0.231	-0.191	-0.197	-0.122	0.072	0.417	0.108	-0.223	-0.097	-0.027	-0.003	-0.000
0.000	0.002	-0.004	-0.021	-0.044	-0.060	-0.077	-0.037	-0.038	0.005	-0.006	0.037	0.006	-0.000	-0.030	-0.024	-0.214	-0.163	-0.349	-0.217	-0.379	-0.276	-0.393	-0.239	-0.015	0.374	0.234	0.236	0.162	0.089	0.017	0.000
0.000	-0.002	-0.008	-0.014	-0.022	0.097	0.348	-0.339	-0.523	-0.400	-0.236	-0.147	-0.189	-0.164	-0.205	-0.161	-0.187	-0.134	-0.143	-0.095	-0.099	-0.053	-0.047	-0.010	-0.004	0.013	0.015	0.021	0.016	0.010	0.003	0.000
0.000	0.001	0.003	0.011	0.012	0.006	-0.006	-0.015	-0.063	-0.073	-0.104	-0.093	-0.124	-0.103	-0.151	-0.121	-0.087	0.394	0.706	-0.303	-0.244	-0.188	-0.102	-0.064	-0.058	-0.037	-0.031	-0.016	-0.011	-0.003	-0.001	-0.000
0.000	0.002	0.012	0.033	0.070	0.121	0.189	0.263	0.343	0.414	0.455	0.428	0.340	0.216	0.098	0.011	-0.027	-0.055	-0.063	-0.058	-0.044	-0.031	-0.021	-0.013	-0.006	-0.003	-0.002	-0.002	-0.002	-0.001	-0.000	-0.000
0.000	-0.001	-0.005	-0.008	-0.012	-0.003	-0.003	0.015	0.006	0.029	-0.001	0.007	-0.036	-0.019	-0.116	-0.080	-0.218	-0.154	-0.283	-0.194	-0.295	-0.185	0.001	0.440	0.339	0.378	0.320	0.252	0.106	0.019	0.001	-0.000
0.000	-0.004	-0.010	-0.012	0.142	0.365	-0.295	-0.339	-0.293	-0.180	-0.186	-0.250	-0.226	-0.285	-0.229	-0.266	-0.198	-0.215	-0.136	-0.140	-0.063	-0.060	-0.004	0.005	0.044	0.045	0.061	0.050	0.040	0.021	0.006	0.000
0.000	0.020	0.050	0.048	-0.005	-0.024	-0.074	-0.278	-0.309	-0.140	-0.029	0.075	-0.122	-0.103	0.137	0.108	0.097	0.024	0.504	0.098	-0.025	0.158	0.164	-0.178	-0.143	-0.193	-0.059	-0.088	-0.050	-0.037	-0.002	0.000
0.000	0.001	0.002	0.003	-0.002	-0.000	-0.026	-0.033	-0.062	-0.052	-0.080	-0.059	-0.095	-0.084	-0.074	0.321	-0.660	-0.394	-0.398	-0.246	-0.101	-0.053	-0.069	-0.044	-0.045	-0.026	-0.023	-0.010	-0.008	-0.002	-0.001	-0.000
0.000	0.020	0.082	0.168	0.241	0.247	0.193	0.079	-0.008	-0.116	-0.213	-0.260	-0.309	-0.322	-0.332	-0.295	-0.280	-0.205	-0.189	-0.141	-0.159	-0.106	-0.133	-0.096	-0.113	-0.079	-0.081	-0.046	-0.033	-0.011	-0.003	-0.000
0.000	-0.001	-0.004	-0.011	-0.015	-0.028	-0.031	-0.052	-0.039	0.013	0.296	0.309	-0.601	-0.509	-0.291	-0.119	-0.110	-0.128	-0.100	-0.108	-0.078	-0.078	-0.051	-0.047	-0.027	-0.023	-0.009	-0.006	-0.001	0.000	0.000	0.000
0.000	-0.003	-0.012	-0.026	-0.041	-0.047	-0.051	-0.047	-0.052	-0.065	-0.088	-0.098	-0.147	-0.183	-0.217	-0.239	-0.320	-0.309	-0.344	-0.318	-0.328	-0.290	-0.269	-0.205	-0.196	-0.137	-0.109	-0.070	-0.036	-0.006	-0.001	0.000
0.000	-0.002	-0.007	-0.020	-0.026	-0.046	-0.045	-0.067	-0.052	-0.070	-0.037	-0.043	0.001	0.008	0.080	0.112	0.201	0.243	0.322	0.348	0.386	0.371	0.358	0.311	0.262	0.188	0.118	0.056	0.020	0.004	0.000	-0.000
0.000	-0.000	-0.004	-0.008	-0.017	-0.020	-0.036	-0.035	-0.058	-0.052	-0.054	0.196	0.523	-0.452	-0.525	-0.333	-0.162	-0.097	-0.113	-0.085	-0.095	-0.064	-0.066	-0.039	-0.036	-0.019	-0.016	-0.006	-0.004	-0.000	-0.000	0.000
0.000	0.016	0.045	0.059	0.045	0.002	-0.044	-0.106	-0.176	-0.217	-0.250	-0.268	-0.273	-0.284	-0.283	-0.240	-0.245	-0.216	-0.230	-0.228	-0.232	-0.220	-0.218	-0.183	-0.168	-0.128	-0.098	-0.058	-0.030	-0.009	-0.002	-0.000
0.000	0.025	0.097	0.185	0.233	0.215	0.124	0.013	-0.082	-0.185	-0.262	-0.319	-0.339	-0.337	-0.307	-0.259	-0.205	-0.165	-0.131	-0.119	-0.120	-0.125	-0.144	-0.140	-0.128	-0.111	-0.087	-0.062	-0.038	-0.017	-0.004	-0.000
0.000	0.035	0.087	0.089	0.025	-0.045	-0.163	-0.255	-0.320	-0.309	-0.266	-0.157	-0.009	-0.000	0.039	-0.000	0.020	-0.000	-0.018	-0.169	-0.226	-0.328	-0.266	-0.346	-0.255	-0.253	-0.171	-0.134	-0.066	-0.038	-0.008	-0.000
0.000	0.012	0.027	0.021	-0.004	-0.046	-0.102	-0.153	-0.192	-0.223	-0.234	-0.270	-0.247	-0.221	-0.218	-0.201	-0.194	-0.231	-0.232	-0.256	-0.261	-0.265	-0.240	-0.227	-0.182	-0.148	-0.105	-0.070	-0.030	-0.011	-0.001	0.000
0.000	0.001	0.004	0.004	-0.000	-0.004	-0.029	-0.035	-0.056	-0.049	-0.076	-0.061	-0.091	-0.069	-0.058	0.256	0.539	-0.516	-0.486	-0.270	-0.110	-0.066	-0.071	-0.046	-0.046	-0.026	-0.023	-0.010	-0.007	-0.002	-0.001	-0.000
0.000	0.011	0.049	0.117	0.216	0.337	0.434	0.457	0.401	0.275	0.128	0.013	-0.060	-0.129	-0.152	-0.169	-0.163	-0.155	-0.141	-0.104	-0.077	-0.058	-0.038	-0.028	-0.025	-0.019	-0.023	-0.016	-0.013	-0.006	-0.002	-0.000
0.000	-0.002	-0.008	-0.016	-0.035	-0.054	-0.093	-0.109	-0.167	-0.180	-0.251	-0.247	-0.327	-0.309	-0.369	-0.356	-0.410	-0.057	0.014	0.052	0.043	0.072	-0.098	-0.047	-0.144	-0.163	-0.156	-0.084	-0.053	-0.020	-0.006	-0.000
0.000	0.004	0.019	0.051	0.102	0.171	0.255	0.350	0.435	0.464	0.415	0.304	0.170	0.042	-0.023	-0.079	-0.107	-0.115	-0.106	-0.093	-0.072	-0.054	-0.038	-0.025	-0.019	-0.014	-0.012	-0.009	-0.006	-0.003	-0.001	-0.000
0.000	-0.001	-0.003	-0.011	-0.013	-0.031	-0.032	-0.018	0.102	0.127	0.242	0.279	0.436	0.337	0.132	0.016	-0.058	-0.278	-0.238	-0.287	-0.201	-0.231	-0.150	-0.170	-0.092	-0.053	0.192	0.240	-0.158	-0.068	-0.010	-0.000
0.000	-0.000	-0.000	0.001	0.007	0.020	0.042	0.076	0.121	0.176	0.236	0.294	0.346	0.388	0.414	0.402	0.340	0.243	0.140	0.056	0.005	-0.015	-0.025	-0.025	-0.020	-0.014	-0.008	-0.004	-0.002	-0.000	-0.000	-0.000
0.000	-0.003	-0.007	-0.021	-0.041	-0.081	0.111	-0.647	0.002	-0.232	-0.278	-0.335	-0.197	-0.208	-0.162	-0.223	-0.161	-0.196	-0.123	-0.145	-0.080	-0.085	-0.034	-0.028	-0.000	0.001	0.019	0.016	0.018	0.010	0.004	0.000
0.000	-0.002	-0.009	-0.022	-0.040	-0.068	-0.095	-0.132	-0.166	-0.214	-0.242	-0.281	-0.319	-0.339	-0.070	0.053	0.097	0.117	0.105	-0.073	-0.087	-0.202	-0.304	-0.320	-0.242	-0.186	-0.122	-0.088	-0.055	-0.021	0.007	0.000
0.000	-0.001	-0.003	-0.006	-0.008	-0.010	-0.015	-0.022	-0.042	-0.076	-0.114	-0.149	-0.186	-0.222	-0.268	-0.278	-0.307	-0.320	-0.314	-0.322	-0.290	-0.271	-0.234	-0.211	-0.163	-0.132	-0.094	-0.059	-0.024	-0.006	0.000	0.000
0.000	-0.001	-0.004	-0.010	-0.014	-0.028	-0.034	-0.066	-0.069	-0.116	-0.119	-0.179	-0.170	-0.238	-0.213	-0.201	0.077	0.188	0.329	0.318	0.541	0.344	0.134	0.000	-0.019	-0.139	-0.105	-0.083	-0.039	-0.021	-0.004	-0.000
0.000	0.004	-0.002	-0.018	-0.040	-0.050	-0.032	-0.003	0.033	0.102	0.201	0.251	0.272	0.201	0.122	0.011	-0.001	-0.092	-0.148	-0.283	-0.278	-0.342	-0.299	-0.325	-0.250	-0.235	-0.156	-0.123	-0.059	-0.021	-0.001	0.000
0.000	-0.001	-0.004	-0.008	-0.017	-0.028	-0.055	-0.061	-0.106	-0.118	-0.181	-0.192	-0.252	-0.225	-0.315	-0.289	-0.346	-0.274	-0.341	-0.277	-0.285	-0.230	-0.255	-0.031	0.006	0.023	0.012	0.023	-0.010	-0.001	-0.003	-0.000
0.000	-0.002	-0.006	-0.017	-0.023	-0.044	-0.009	0.001	0.050	0.079	0.264	0.171	0.036	-0.039	-0.046	-0.284	-0.259	-0.319	-0.238	-0.271	-0.197	-0.234	-0.171	-0.180	0.187	-0.529	-0.111	-0.084	-0.042	-0.019	-0.003	-0.000
0.000	0.000	0.004	0.007	0.007	-0.004	-0.002	-0.040	-0.051	-0.086	-0.073	-0.107	-0.082	-0.125	-0.120	-0.146	0.285	-0.763	-0.212	-0.270	-0.200	-0.132	-0.066	-0.066	-0.040	-0.041	-0.020	-0.017	-0.007	-0.004	-0.001	-0.000
0.000	0.006	0.031	0.076	0.146	0.237	0.342	0.428	0.453	0.389	0.267	0.118	0.004	-0.068	-0.131	-0.159	-0.169	-0.165	-0.146	-0.125	-0.097	-0.074	-0.059	-0.043	-0.035	-0.030	-0.024	-0.018	-0.013	-0.006	-0.002	-0.000
0.000	0.000	-0.000	-0.007	-0.011	-0.024	-0.023	-0.040	-0.034	-0.058	-0.053	-0.050	0.244	0.562	-0.477	-0.493	-0.303	-0.131	-0.076	-0.091	-0.063	-0.071	-0.044	-0.046	-0.025	-0.024	-0.011	-0.009	-0.003	-0.001	-0.000	-0.000
0.000	0.011	0.047	0.111	0.200	0.310	0.417	0.483	0.465	0.367	0.231	0.096	0.008	-0.029	-0.050	-0.044	-0.026	-0.007	0.011	0.028	0.040	0.041	0.037	0.024	0.011	0.002	-0.003	-0.005	-0.005	-0.003	-0.001	-0.000
0.000	0.001	0.004	0.012	0.021	0.032	0.048	0.068	0.090	0.117	0.145	0.181	0.207	0.247	0.260	0.294	0.303	0.314	0.304	0.295	0.271	0.242	0.206	0.170	0.125	0.095	0.060	0.038	0.019	0.007	0.002	0.000
0.000	0.039	0.115	0.157	0.123	0.030	-0.059	-0.191	-0.286	-0.339	-0.348	-0.292	-0.215	-0.093	-0.035	-0.017	-0.010	-0.021	-0.043	-0.125	-0.196	-0.239	-0.268	-0.256	-0.247	-0.194	-0.163	-0.105	-0.068	-0.030	-0.007	-0.000
0.000	-0.002	-0.006	-0.021	-0.028	-0.063	-0.069	-0.125	-0.116	-0.189	-0.187	-0.263	0.056	0.098	0.199	0.175	0.244	-0.089	0.011	-0.232	-0.320	-0.434	-0.276	-0.290	-0.164	-0.171	-0.131	-0.104	0.112	-0.078	-0.006	-0.000
0.000	0.010	0.014	-0.007	-0.048	-0.102	-0.148	-0.174	-0.167	-0.132	-0.074	-0.033	-0.007	-0.010	-0.012	-0.042	-0.082	-0.183	-0.246	-0.326	-0.328	-0.364	-0.330	-0.321	-0.261	-0.223	-0.154	-0.106	-0.046	-0.014	-0.000	0.000
0.000	-0.000	-0.001	0.005	0.009	0.032	0.028	0.025	-0.010	-0.005	-0.079	-0.094	-0.144	-0.114	-0.156	-0.111	-0.157	-0.146	-0.164	0.276	-0.751	-0.188	-0.238	-0.160	-0.095	-0.042	-0.036	-0.018	-0.013	-0.004	-0.001	-0.000
0.000	-0.001	-0.004	-0.011	-0.016	-0.008	0.045	0.067	0.132	0.196	0.266	0.197	0.062	0.002	-0.101	-0.261	-0.241	-0.278	-0.222	-0.244	-0.187	-0.207	-0.105	0.035	0.391	0.234	-0.356	-0.183	-0.059	-0.011	-0.003	-0.000
0.000	-0.001	-0.004	-0.010	-0.017	-0.033	-0.048	-0.072	-0.088	-0.132	-0.158	-0.210	-0.217	-0.275	-0.265	-0.324	-0.295	-0.328	-0.282	-0.318	-0.242	-0.254	-0.221	-0.181	-0.008	0.008	0.026	0.017	0.012	-0.004	-0.000	-0.000
0.000	0.001	0.004	0.014	0.017	0.012	0.000	-0.008	-0.051	-0.057	-0.085	-0.072	-0.102	-0.081	-0.114	-0.078	-0.044	0.311	0.528	-0.527	-0.444	-0.231	-0.086	-0.053	-0.054	-0.032	-0.028	-0.014	-0.010	-0.003	-0.001	-0.000
0.000	-0.002	-0.009	-0.016	-0.000	0.141	0.143	0.528	-0.534	-0.299	-0.132	-0.144	-0.183	-0.161	-0.201	-0.150	-0.183	-0.149	-0.147	-0.098	-0.101	-0.061	-0.053	-0.015	-0.009	0.010	0.015	0.020	0.016	0.010	0.003	0.000
0.000	-0.013	-0.049	-0.077	-0.077	-0.074	-0.124	-0.118	-0.193	-0.154	-0.226	-0.159	-0.216	-0.117	-0.155	-0.036	-0.052	0.040	0.057	0.184	0.211	0.319	0.325	0.365	0.331	0.303	0.230	0.167	0.098	0.045	0.010	0.000
0.000	-0.001	-0.005	-0.014	-0.022	-0.036	-0.044	-0.062	-0.097	-0.114	0.057	0.742	0.217	-0.294	-0.249	-0.293	-0.153	-0.140	-0.125	-0.126	-0.107	-0.095	-0.071	-0.055	-0.036	-0.024	-0.013	-0.007	-0.001	-0.000	0.000	0.000
0.000	-0.002	-0.008	-0.013	-0.029	-0.048	-0.079	0.145	-0.684	-0.071	-0.390	-0.298	-0.239	-0.118	-0.173	-0.150	-0.185	-0.140	-0.159	-0.106	-0.114	-0.069	-0.067	-0.028	-0.027	-0.004	-0.001	0.006	0.006	0.005	0.002	0.000
0.000	0.038	0.094	0.096	0.049	-0.037	-0.122	-0.185	-0.164	-0.088	-0.015	0.029	0.202	0.328	0.410	0.378	0.317	0.152	0.048	-0.009	-0.025	-0.133	-0.135	-0.207	-0.182	-0.195	-0.139	-0.114	-0.062	-0.032	-0.006	-0.000
0.000	-0.002	-0.005	-0.016	-0.020	-0.042	-0.054	-0.084	0.205	-0.664	-0.223	-0.332	-0.292	-0.231	-0.138	-0.170	-0.127	-0.165	-0.111	-0.134	-0.080	-0.092	-0.047	-0.050	-0.018	-0.018	-0.002	-0.001	0.004	0.003	0.001	0.000
0.000	-0.003	-0.010	-0.024	-0.035	-0.060	-0.067	-0.094	-0.087	-0.110	-0.086	-0.095	-0.047	-0.037	0.012	0.041	0.131	0.180	0.270	0.314	0.372	0.378	0.379	0.338	0.294	0.229	0.162	0.092	0.040	0.012	0.001	0.000
0.000	-0.003	-0.009	-0.026	-0.037	-0.074	-0.086	-0.146	-0.139	-0.216	-0.225	-0.261	0.002	-0.012	0.083	0.014	0.069	-0.163	-0.061	-0.343	-0.342	-0.434	-0.279	-0.286	-0.168	-0.186	-0.113	-0.088	0.107	-0.132	-0.010	-0.000
0.000	-0.001	-0.005	-0.010	-0.024	-0.036	-0.069	-0.078	-0.143	-0.149	-0.233	-0.203	-0.313	-0.267	-0.360	-0.323	-0.398	0.062	0.149	0.210	0.176	0.199	-0.059	-0.002	-0.118	-0.164	-0.175	-0.088	-0.059	-0.020	-0.007	-0.000
0.000	0.003	0.001	-0.012	-0.038	-0.072	-0.103	-0.136	-0.154	-0.179	-0.176	-0.191	-0.174	-0.199	-0.183	-0.251	-0.238	-0.288	-0.275	-0.328	-0.279	-0.298	-0.231	-0.231	-0.174	-0.129	-0.021	0.005	0.021	0.015	0.007	0.000
0.000	-0.002	-0.010	-0.020	-0.044	-0.060	-0.104	-0.116	-0.183	-0.183	-0.254	-0.266	-0.297	-0.002	0.039	0.102	0.074	0.092	-0.139	-0.069	-0.287	-0.348	-0.394	-0.267	-0.242	-0.150	-0.141	-0.087	-0.042	0.055	-0.001	-0.000
0.000	0.001	0.005	0.011	0.026	0.027	0.017	0.001	-0.008	-0.064	-0.067	-0.100	-0.082	-0.113	-0.085	-0.121	-0.079	-0.042	0.320	0.515	-0.552	-0.434	-0.213	-0.073	-0.045	-0.043	-0.024	-0.020	-0.008	-0.005	-0.001	-0.000
0.000	-0.002	-0.009	-0.018	-0.030	-0.043	-0.063	-0.073	-0.109	-0.125	-0.169	-0.175	-0.238	-0.245	-0.310	-0.285	-0.340	-0.308	-0.336	-0.323	-0.222	0.027	0.023	0.141	0.198	0.195	0.076	0.002	-0.006	-0.012	-0.006	-0.000
0.000	0.007	0.010	-0.004	-0.034	-0.071	-0.122	-0.153	-0.191	-0.186	-0.212	-0.198	-0.192	-0.158	-0.182	-0.152	-0.251	-0.228	-0.316	-0.253	-0.338	-0.276	-0.298	-0.226	-0.186	0.005	0.050	0.068	0.048	0.048	0.008	0.000
0.000	-0.001	-0.003	-0.009	-0.012	-0.008	0.053	0.077	0.151	0.188	0.311	0.246	0.111	0.020	-0.038	-0.223	-0.198	-0.255	-0.184	-0.225	-0.151	-0.184	-0.116	-0.083	0.274	0.446	-0.316	-0.215	-0.073	-0.015	-0.002	-0.000
0.000	0.035	0.125	0.221	0.264	0.235	0.138	0.035	-0.011	-0.030	-0.032	-0.003	0.018	0.122	0.290	0.369	0.429	0.379	0.327	0.205	0.149	0.033	0.019	-0.006	-0.016	-0.042	-0.031	-0.035	-0.020	-0.013	-0.003	-0.000
0.000	-0.000	0.001	0.004	0.014	0.033	0.064	0.104	0.159	0.218	0.281	0.337	0.388	0.420	0.415	0.352	0.252	0.145	0.057	0.004	-0.018	-0.030	-0.031	-0.025	-0.018	-0.011	-0.006	-0.003	-0.001	-0.000	-0.000	-0.000
0.000	-0.010	-0.020	-0.033	-0.067	-0.085	-0.136	-0.145	-0.202	-0.187	-0.233	-0.196	-0.224	-0.155	-0.154	-0.050	-0.017	0.053	0.108	0.217	0.260	0.327	0.335	0.343	0.297	0.252	0.186	0.127	0.070	0.028	0.005	0.000
0.000	-0.002	-0.007	-0.016	-0.023	-0.035	-0.040	-0.064	-0.084	-0.120	-0.127	-0.192	-0.200	-0.260	-0.255	-0.319	-0.292	-0.287	0.002	0.213	0.264	0.231	0.431	0.274	0.132	-0.003	-0.008	-0.075	-0.052	-0.026	-0.006	-0.000
0.000	-0.000	-0.001	-0.001	-0.004	-0.003	-0.013	-0.011	-0.034	-0.036	-0.081	-0.074	-0.132	-0.106	-0.179	-0.133	-0.210	-0.153	-0.004	0.360	0.304	0.410	0.437	0.418	0.230	0.060	0.009	-0.028	-0.043	-0.016	-0.005	-0.000
0.000	-0.001	0.001	0.004	0.018	0.035	0.085	0.070	0.040	0.004	-0.003	-0.120	-0.113	-0.165	-0.118	-0.178	-0.126	-0.172	-0.173	-0.243	0.167	-0.789	-0.162	-0.210	-0.128	-0.081	-0.036	-0.028	-0.012	-0.007	-0.001	-0.000
0.000	-0.000	-0.001	-0.003	-0.010	-0.018	-0.025	-0.040	-0.061	-0.085	-0.099	-0.116	-0.146	-0.062	0.155	0.223	0.326	0.391	0.581	0.409	0.116	0.025	-0.013	-0.161	-0.161	-0.126	-0.090	-0.058	-0.034	-0.015	-0.005	-0.000
0.000	-0.002	-0.006	-0.009	0.102	0.263	-0.455	-0.520	-0.347	-0.149	-0.136	-0.197	-0.165	-0.220	-0.168	-0.208	-0.146	-0.177	-0.110	-0.127	-0.062	-0.064	-0.012	-0.007	0.018	0.019	0.035	0.029	0.025	0.013	0.004	0.000
0.000	-0.003	-0.004	0.100	0.247	-0.232	-0.293	-0.280	-0.187	-0.190	-0.255	-0.246	-0.304	-0.264	-0.301	-0.235	-0.251	-0.167	-0.167	-0.085	-0.072	-0.005	0.010	0.060	0.073	0.098	0.090	0.080	0.053	0.029	0.008	0.000
0.000	-0.000	0.002	0.006	0.025	0.024	0.013	-0.009	-0.008	-0.082	-0.090	-0.135	-0.105	-0.149	-0.115	-0.166	-0.135	-0.158	0.328	-0.789	-0.191	-0.174	-0.151	-0.110	-0.056	-0.047	-0.025	-0.022	-0.009	-0.005	-0.001	-0.000
0.000	0.018	0.073	0.166	0.286	0.405	0.475	0.458	0.357	0.219	0.079	0.001	-0.029	-0.034	-0.019	-0.003	0.027	0.068	0.108	0.125	0.122	0.090	0.066	0.035	0.015	-0.001	-0.004	-0.008	-0.006	-0.004	-0.001	-0.000
0.000	-0.001	-0.004	-0.007	-0.007	-0.009	-0.012	-0.028	-0.035	-0.083	-0.103	-0.169	-0.174	-0.248	-0.253	-0.328	-0.282	-0.344	-0.288	-0.344	-0.272	-0.293	-0.219	-0.230	-0.065	0.003	0.055	0.035	0.037	0.007	0.001	-0.000
0.000	-0.002	-0.006	-0.014	-0.027	-0.031	0.056	0.343	0.039	-0.567	-0.474	-0.294	-0.134	-0.156	-0.167	-0.163	-0.158	-0.145	-0.131	-0.108	-0.091	-0.070	-0.053	-0.030	-0.016	-0.003	0.004	0.009	0.009	0.006	0.002	0.000
0.000	-0.001	-0.003	-0.007	-0.008	-0.008	-0.003	0.004	0.022	0.048	0.090	0.136	0.195	0.250	0.306	0.345	0.373	0.381	0.375	0.338	0.270	0.180	0.098	0.038	0.007	-0.005	-0.008	-0.006	-0.004	-0.001	-0.000	-0.000
0.000	0.000	-0.000	-0.008	-0.012	-0.024	-0.025	-0.042	-0.038	-0.061	-0.051	-0.045	0.225	0.485	-0.533	-0.520	-0.303	-0.128	-0.083	-0.096	-0.069	-0.076	-0.048	-0.049	-0.027	-0.025	-0.012	-0.009	-0.003	-0.001	-0.000	-0.000
0.000	-0.002	-0.009	-0.024	-0.039	-0.068	-0.089	-0.132	-0.139	-0.193	-0.248	-0.173	0.022	0.010	0.085	0.059	-0.004	-0.134	-0.092	-0.378	-0.387	-0.403	-0.290	-0.270	-0.178	-0.194	-0.110	-0.008	0.188	0.096	-0.013	-0.000
0.000	-0.001	-0.004	-0.011	-0.014	-0.027	-0.028	-0.048	-0.046	-0.042	0.204	0.505	-0.451	-0.521	-0.335	-0.156	-0.098	-0.120	-0.092	-0.105	-0.073	-0.076	-0.047	-0.047	-0.026	-0.023	-0.009	-0.007	-0.001	-0.000	0.000	0.000
0.000	-0.002	-0.009	-0.016	0.039	0.258	-0.004	-0.514	-0.457	-0.300	-0.147	-0.180	-0.197	-0.207	-0.206	-0.199	-0.184	-0.162	-0.140	-0.115	-0.089	-0.058	-0.030	-0.007	0.010	0.023	0.031	0.032	0.025	0.014	0.004	0.000
0.000	-0.001	-0.005	-0.014	-0.017	-0.035	-0.034	-0.064	-0.072	-0.104	0.234	-0.715	-0.224	-0.321	-0.270	-0.206	-0.117	-0.139	-0.100	-0.124	-0.080	-0.091	-0.052	-0.056	-0.027	-0.026	-0.008	-0.007	-0.001	-0.000	0.000	0.000
0.000	-0.001	-0.004	-0.013	-0.018	-0.034	0.002	0.021	0.078	0.108	0.301	0.221	0.109	-0.003	0.007	-0.237	-0.229	-0.285	-0.203	-0.254	-0.170	-0.209	-0.164	-0.176	0.220	-0.559	-0.128	-0.107	-0.042	-0.014	-0.002	-0.000
0.000	0.000	0.003	0.011	0.019	0.016	-0.000	-0.005	-0.042	-0.083	-0.106	-0.117	-0.124	-0.129	-0.137	-0.177	-0.166	0.034	0.710	0.321	-0.281	-0.205	-0.181	-0.084	-0.059	-0.045	-0.033	-0.021	-0.011	-0.005	-0.001	-0.000
0.000	-0.001	-0.004	-0.010	-0.012	-0.023	-0.028	-0.052	-0.055	-0.102	-0.108	-0.161	-0.161	-0.227	-0.207	-0.270	-0.239	-0.107	0.215	0.213	0.349	0.408	0.434	0.244	0.048	0.002	-0.049	-0.080	-0.044	-0.023	-0.005	-0.000
0.000	0.005	0.004	-0.012	-0.044	-0.087	-0.130	-0.165	-0.193	-0.204	-0.203	-0.170	-0.174	-0.146	-0.169	-0.175	-0.203	-0.229	-0.274	-0.288	-0.311	-0.288	-0.290	-0.239	-0.207	-0.159	-0.122	-0.068	-0.033	-0.009	-0.002	0.000
0.000	0.028	0.107	0.212	0.290	0.309	0.215	0.089	0.106	0.072	-0.211	-0.064	-0.116	-0.324	-0.168	-0.105	-0.064	-0.350	-0.030	0.229	-0.193	-0.028	-0.154	-0.056	0.024	-0.049	0.008	0.057	0.038	0.016	0.007	0.000
0.000	0.001	0.004	0.014	0.031	0.063	0.106	0.163	0.222	0.289	0.346	0.401	0.428	0.413	0.338	0.233	0.125	0.042	-0.001	-0.020	-0.028	-0.026	-0.017	-0.009	-0.004	-0.001	0.001	0.001	0.001	0.000	0.000	-0.000
0.000	-0.000	0.003	0.008	0.024	0.036	0.077	0.073	0.039	0.005	-0.012	-0.100	-0.103	-0.143	-0.113	-0.147	-0.108	-0.145	-0.109	-0.097	0.274	0.583	-0.452	-0.421	-0.210	-0.075	-0.032	-0.026	-0.012	-0.007	-0.001	-0.000
0.000	-0.001	-0.007	-0.011	-0.026	-0.029	-0.023	0.188	0.422	-0.432	-0.496	-0.349	-0.175	-0.132	-0.167	-0.137	-0.163	-0.124	-0.138	-0.093	-0.099	-0.059	-0.059	-0.028	-0.024	-0.004	-0.001	0.006	0.005	0.005	0.002	0.000
0.000	-0.004	-0.011	-0.029	-0.042	-0.074	-0.082	-0.121	-0.114	-0.149	-0.120	-0.146	-0.092	-0.092	-0.014	0.000	0.078	0.122	0.226	0.272	0.350	0.364	0.385	0.349	0.311	0.246	0.184	0.116	0.060	0.021	0.004	0.000
0.000	0.002	0.013	0.036	0.075	0.131	0.200	0.281	0.366	0.439	0.458	0.400	0.286	0.154	0.036	-0.023	-0.071	-0.094	-0.099	-0.089	-0.075	-0.060	-0.044	-0.031	-0.021	-0.015	-0.011	-0.007	-0.005	-0.003	-0.001	-0.000
0.000	-0.001	-0.003	0.043	-0.270	-0.151	-0.246	-0.240	-0.242	-0.198	-0.265	-0.241	-0.315	-0.254	-0.308	-0.231	-0.267	-0.177	-0.186	-0.092	-0.088	-0.015	-0.003	0.050	0.059	0.087	0.080	0.073	0.049	0.027	0.007	0.000
0.000	0.021	0.075	0.130	0.148	0.116	0.036	-0.041	-0.131	-0.198	-0.265	-0.291	-0.301	-0.300	-0.286	-0.259	-0.234	-0.203	-0.193	-0.195	-0.199	-0.204	-0.186	-0.169	-0.155	-0.130	-0.098	-0.064	-0.033	-0.012	-0.002	-0.000
0.000	0.003	0.009	0.012	-0.008	0.023	-0.001	0.055	0.034	0.033	0.052	-0.283	-0.060	0.384	0.172	0.097	-0.166	0.299	0.006	-0.294	-0.243	0.110	0.122	-0.076	-0.067	0.020	-0.005	-0.007	0.004	0.008	0.003	0.000
0.000	0.012	-0.072	-0.150	-0.154	-0.108	-0.122	-0.190	-0.196	-0.271	-0.247	-0.311	-0.260	-0.301	-0.219	-0.238	-0.132	-0.124	-0.014	0.002	0.095	0.129	0.213	0.228	0.256	0.227	0.198	0.141	0.090	0.042	0.011	0.000
0.000	-0.001	-0.005	-0.010	-0.019	-0.026	-0.039	-0.052	-0.047	0.112	0.451	-0.104	-0.604	-0.454	-0.252	-0.116	-0.132	-0.120	-0.120	-0.104	-0.092	-0.073	-0.060	-0.043	-0.032	-0.019	-0.011	-0.004	-0.001	0.001	0.000	0.000
0.000	-0.000	-0.001	-0.004	-0.009	-0.019	-0.030	-0.048	-0.065	-0.079	-0.098	-0.121	-0.141	-0.160	-0.171	-0.154	-0.123	-0.008	0.289	0.470	0.469	0.462	0.222	0.062	0.038	-0.043	-0.091	-0.072	-0.041	-0.017	-0.004	-0.000
0.000	-0.001	-0.005	-0.014	-0.025	-0.023	0.014	0.020	0.082	0.184	0.222	0.138	0.009	-0.008	-0.152	-0.272	-0.259	-0.280	-0.241	-0.243	-0.208	-0.242	-0.175	-0.013	0.483	0.300	-0.163	-0.085	-0.047	-0.012	-0.003	-0.000
0.000	0.010	0.025	0.026	0.010	-0.014	-0.091	-0.122	-0.157	-0.202	-0.204	-0.247	-0.337	-0.303	-0.220	-0.195	-0.222	-0.331	-0.252	-0.196	-0.197	-0.267	-0.183	-0.190	-0.136	-0.119	-0.094	-0.058	-0.028	-0.010	-0.001	-0.000
0.000	-0.002	-0.003	0.074	0.188	-0.411	-0.478	-0.341	-0.161	-0.151	-0.219	-0.184	-0.248	-0.198	-0.251	-0.178	-0.212	-0.133	-0.149	-0.071	-0.074	-0.005	-0.001	0.043	0.048	0.075	0.066	0.063	0.042	0.023	0.006	0.000
0.000	0.001	0.003	0.002	0.001	-0.014	-0.032	-0.047	-0.055	-0.067	-0.072	-0.085	-0.096	-0.080	0.142	0.555	-0.081	-0.594	-0.406	-0.204	-0.080	-0.081	-0.068	-0.058	-0.043	-0.033	-0.021	-0.013	-0.006	-0.003	-0.001	-0.000
0.000	0.001	0.003	0.004	-0.001	-0.000	-0.027	-0.038	-0.066	-0.057	-0.086	-0.071	-0.103	-0.114	-0.142	0.249	-0.759	-0.217	-0.376	-0.240	-0.144	-0.061	-0.075	-0.049	-0.052	-0.030	-0.026	-0.012	-0.009	-0.003	-0.001	-0.000
0.000	0.001	0.004	0.005	0.000	-0.002	-0.028	-0.036	-0.057	-0.052	-0.078	-0.065	-0.092	-0.081	-0.083	0.233	0.613	-0.418	-0.479	-0.290	-0.131	-0.067	-0.071	-0.047	-0.046	-0.027	-0.023	-0.011	-0.007	-0.002	-0.001	-0.000
0.000	-0.021	-0.050	-0.053	-0.058	-0.107	-0.121	-0.184	-0.182	-0.247	-0.218	-0.276	-0.215	-0.253	-0.165	-0.172	-0.059	-0.035	0.048	0.089	0.203	0.241	0.309	0.306	0.310	0.260	0.209	0.142	0.085	0.037	0.009	0.000
0.000	-0.002	-0.005	-0.015	-0.019	-0.041	-0.047	-0.065	0.019	0.017	0.065	0.039	0.067	-0.066	-0.014	-0.190	-0.220	-0.319	-0.213	-0.261	-0.163	-0.213	-0.169	-0.176	0.291	-0.620	-0.124	-0.113	-0.050	-0.016	-0.002	-0.000
0.000	-0.001	-0.004	-0.008	-0.019	-0.025	-0.048	-0.056	-0.095	-0.100	-0.152	-0.147	-0.213	-0.203	-0.165	0.087	0.160	0.335	0.371	0.541	0.334	0.094	-0.003	-0.052	-0.179	-0.137	-0.117	-0.064	-0.044	-0.016	-0.005	-0.000
0.000	-0.001	-0.003	-0.000	0.013	0.031	0.053	0.110	0.121	0.086	0.015	-0.002	-0.103	-0.165	-0.191	-0.183	-0.189	-0.173	-0.177	-0.172	-0.123	0.179	0.615	-0.075	-0.418	-0.226	-0.093	-0.028	-0.018	-0.008	-0.002	-0.000
0.000	-0.001	-0.007	-0.014	-0.025	-0.035	-0.054	-0.083	-0.103	0.043	0.652	0.187	-0.339	-0.288	-0.312	-0.175	-0.158	-0.146	-0.149	-0.128	-0.115	-0.089	-0.075	-0.052	-0.039	-0.021	-0.013	-0.004	-0.001	0.001	0.001	0.000
0.000	0.018	0.077	0.177	0.286	0.356	0.342	0.253	0.100	-0.011	-0.122	-0.209	-0.266	-0.286	-0.278	-0.256	-0.237	-0.179	-0.153	-0.115	-0.107	-0.099	-0.106	-0.104	-0.096	-0.083	-0.069	-0.048	-0.032	-0.014	-0.004	-0.000
0.000	-0.001	-0.003	-0.006	-0.016	-0.018	-0.040	-0.040	-0.019	0.124	0.166	0.281	0.333	0.498	0.381	0.155	0.031	-0.054	-0.247	-0.218	-0.246	-0.176	-0.190	-0.123	-0.128	-0.074	-0.036	0.118	0.134	-0.055	-0.017	-0.000
0.000	-0.000	-0.002	-0.006	-0.010	-0.020	-0.027	-0.043	-0.054	-0.043	0.075	0.207	0.278	0.317	0.530	0.438	0.228	0.056	0.006	-0.188	-0.221	-0.211	-0.168	-0.152	-0.111	-0.095	-0.066	-0.032	0.047	0.058	-0.006	-0.000
0.000	-0.002	-0.008	-0.017	-0.021	0.062	0.306	-0.081	-0.554	-0.465	-0.293	-0.146	-0.178	-0.180	-0.193	-0.182	-0.176	-0.154	-0.139	-0.113	-0.092	-0.066	-0.045	-0.020	-0.005	0.007	0.014	0.018	0.015	0.010	0.003	0.000
0.000	-0.002	-0.006	-0.016	-0.024	-0.052	-0.061	-0.101	-0.108	-0.166	-0.180	-0.199	0.003	0.022	0.199	0.289	0.563	0.335	0.050	-0.031	-0.095	-0.298	-0.250	-0.255	-0.159	-0.154	-0.087	-0.077	-0.036	-0.016	0.010	0.000
0.000	0.006	-0.063	-0.146	-0.153	-0.120	-0.123	-0.193	-0.200	-0.281	-0.261	-0.331	-0.282	-0.335	-0.250	-0.284	-0.178	-0.186	-0.069	-0.048	0.031	0.061	0.146	0.162	0.196	0.181	0.163	0.116	0.076	0.036	0.009	0.000
0.000	-0.002	-0.007	-0.013	-0.024	-0.033	-0.057	-0.069	-0.106	-0.124	-0.181	-0.184	-0.246	-0.244	-0.306	-0.287	-0.315	-0.067	0.070	0.171	0.229	0.481	0.296	0.110	-0.014	-0.018	-0.106	-0.078	-0.051	-0.020	-0.006	-0.000
0.000	0.003	-0.000	-0.017	-0.047	-0.087	-0.111	-0.137	-0.135	-0.135	-0.094	-0.093	-0.044	-0.101	-0.089	-0.190	-0.178	-0.312	-0.264	-0.365	-0.302	-0.370	-0.280	-0.297	-0.211	-0.137	0.047	0.057	0.069	0.037	0.015	0.000
0.000	0.000	-0.005	-0.022	-0.044	-0.072	-0.086	-0.105	-0.105	-0.122	-0.081	-0.107	-0.106	-0.159	-0.128	-0.252	-0.228	-0.318	-0.245	-0.339	-0.253	-0.235	0.119	0.260	0.305	0.218	0.289	0.147	0.052	0.002	0.000	-0.000
0.000	-0.002	-0.004	-0.005	-0.004	0.000	-0.005	-0.003	-0.006	-0.014	-0.058	-0.091	-0.165	-0.180	-0.271	-0.261	-0.330	-0.287	-0.351	-0.293	-0.334	-0.265	-0.283	-0.203	-0.201	-0.129	-0.110	-0.052	-0.027	-0.000	0.001	0.000
0.000	0.005	0.025	0.064	0.123	0.203	0.298	0.398	0.459	0.443	0.349	0.217	0.072	-0.012	-0.077	-0.117	-0.141	-0.139	-0.124	-0.108	-0.082	-0.065	-0.048	-0.034	-0.026	-0.022	-0.018	-0.014	-0.009	-0.005	-0.001	-0.000
0.000	0.019	0.080	0.174	0.266	0.297	0.258	0.149	0.014	-0.075	-0.169	-0.231	-0.293	-0.297	-0.283	-0.287	-0.233	-0.207	-0.197	-0.163	-0.138	-0.152	-0.137	-0.136	-0.113	-0.102	-0.080	-0.057	-0.033	-0.014	-0.003	-0.000
0.000	0.013	0.057	0.135	0.242	0.357	0.427	0.410	0.315	0.162	0.018	-0.073	-0.161	-0.207	-0.235	-0.221	-0.204	-0.173	-0.135	-0.097	-0.075	-0.057	-0.052	-0.048	-0.053	-0.043	-0.042	-0.031	-0.019	-0.009	-0.002	-0.000
0.000	-0.002	-0.005	-0.014	-0.019	-0.025	0.139	0.392	-0.440	-0.531	-0.373	-0.187	-0.128	-0.168	-0.135	-0.173	-0.126	-0.150	-0.101	-0.113	-0.067	-0.073	-0.034	-0.031	-0.005	-0.003	0.009	0.008	0.011	0.006	0.002	0.000
0.000	0.001	-0.006	-0.026	-0.045	-0.068	-0.095	-0.062	-0.000	0.000	0.000	0.117	0.000	0.135	0.000	-0.001	-0.289	-0.142	-0.271	-0.255	-0.466	-0.313	-0.362	-0.228	-0.307	-0.236	-0.204	-0.112	-0.052	-0.018	0.009	0.000
0.000	-0.001	-0.007	-0.012	-0.025	-0.030	-0.058	-0.059	-0.053	0.287	0.633	-0.327	-0.333	-0.295	-0.188	-0.143	-0.158	-0.128	-0.146	-0.106	-0.112	-0.071	-0.071	-0.039	-0.035	-0.015	-0.011	-0.001	-0.000	0.002	0.001	0.000
0.000	-0.001	-0.003	-0.007	-0.014	-0.025	-0.039	-0.065	-0.093	-0.122	-0.149	-0.192	-0.227	-0.250	-0.281	-0.301	-0.300	-0.309	-0.298	-0.284	-0.271	-0.253	-0.216	-0.188	-0.147	-0.118	-0.066	-0.029	-0.002	0.004	0.002	0.000
0.000	-0.001	-0.007	-0.011	-0.025	-0.027	-0.053	-0.064	-0.095	0.200	-0.689	-0.212	-0.337	-0.288	-0.224	-0.130	-0.154	-0.116	-0.144	-0.096	-0.110	-0.066	-0.072	-0.038	-0.036	-0.014	-0.012	-0.002	-0.001	0.002	0.001	0.000
0.000	0.026	0.072	0.095	0.073	0.004	-0.053	-0.114	-0.209	-0.281	-0.300	-0.334	-0.271	-0.272	-0.265	-0.251	-0.089	-0.212	-0.134	-0.237	-0.173	-0.209	-0.179	-0.244	-0.099	-0.153	-0.098	-0.078	-0.045	-0.018	0.002	0.000
0.000	-0.000	-0.000	0.000	0.006	0.015	0.038	0.067	0.113	0.162	0.224	0.278	0.332	0.368	0.400	0.402	0.367	0.282	0.184	0.091	0.028	-0.003	-0.016	-0.020	-0.016	-0.011	-0.006	-0.003	-0.001	-0.000	-0.000	0.000
0.000	0.014	0.059	0.137	0.244	0.365	0.465	0.486	0.419	0.277	0.122	0.006	-0.055	-0.104	-0.112	-0.091	-0.056	-0.024	-0.006	0.012	0.024	0.022	0.016	0.007	-0.003	-0.009	-0.012	-0.012	-0.009	-0.005	-0.001	-0.000
0.000	-0.002	-0.007	-0.014	0.084	0.295	-0.353	-0.494	-0.382	-0.218	-0.152	-0.207	-0.177	-0.230	-0.183	-0.219	-0.160	-0.183	-0.117	-0.129	-0.067	-0.064	-0.015	-0.008	0.019	0.022	0.037	0.031	0.027	0.014	0.004	0.000
0.000	-0.005	-0.066	-0.094	-0.088	-0.085	-0.126	-0.168	-0.199	-0.232	-0.248	-0.262	-0.247	-0.240	-0.208	-0.168	-0.103	-0.044	0.007	0.072	0.152	0.222	0.276	0.302	0.302	0.271	0.219	0.156	0.095	0.044	0.011	0.000
0.000	-0.010	-0.018	-0.028	-0.057	-0.076	-0.118	-0.125	-0.169	-0.158	-0.196	-0.160	-0.178	-0.115	-0.109	-0.018	-0.000	0.083	0.135	0.240	0.281	0.351	0.357	0.363	0.319	0.268	0.199	0.136	0.075	0.030	0.006	0.000
0.000	-0.001	-0.004	-0.008	-0.019	-0.026	-0.051	-0.060	-0.097	-0.104	-0.153	-0.151	-0.175	0.016	0.166	0.256	0.281	0.571	0.403	0.211	-0.001	-0.001	-0.214	-0.204	-0.192	-0.126	-0.106	-0.058	-0.041	-0.016	-0.004	0.000
0.000	-0.001	-0.003	-0.005	-0.009	-0.012	-0.019	-0.022	-0.041	-0.049	-0.086	-0.097	-0.142	-0.147	-0.202	-0.188	-0.242	-0.210	-0.160	0.136	0.302	0.375	0.341	0.469	0.296	0.109	0.012	-0.005	-0.039	-0.021	-0.006	-0.000
0.000	-0.000	-0.001	-0.000	0.004	0.014	0.032	0.063	0.104	0.157	0.216	0.276	0.332	0.384	0.418	0.418	0.362	0.259	0.148	0.057	0.003	-0.021	-0.034	-0.034	-0.030	-0.021	-0.014	-0.008	-0.005	-0.002	-0.000	-0.000
0.000	-0.007	-0.014	-0.023	-0.049	-0.059	-0.101	-0.097	-0.143	-0.120	-0.157	-0.104	-0.135	-0.059	-0.061	0.006	0.024	0.135	0.170	0.273	0.304	0.371	0.368	0.372	0.323	0.274	0.206	0.140	0.074	0.028	0.005	0.000
0.000	-0.002	-0.002	0.076	0.157	-0.391	-0.449	-0.323	-0.159	-0.165	-0.227	-0.201	-0.258	-0.217	-0.264	-0.203	-0.227	-0.160	-0.171	-0.097	-0.092	-0.024	-0.010	0.027	0.034	0.060	0.055	0.053	0.036	0.020	0.005	0.000
0.000	-0.002	-0.009	-0.015	-0.028	-0.026	-0.042	-0.039	-0.072	-0.062	-0.127	-0.126	-0.208	-0.208	-0.296	-0.253	-0.338	-0.282	-0.364	-0.296	-0.262	0.053	0.078	0.218	0.213	0.299	0.130	0.024	-0.002	-0.005	-0.007	-0.000
0.000	-0.002	-0.007	-0.017	-0.018	0.017	0.214	0.156	-0.551	-0.501	-0.325	-0.156	-0.162	-0.192	-0.173	-0.193	-0.161	-0.166	-0.125	-0.121	-0.085	-0.077	-0.039	-0.027	-0.004	0.003	0.014	0.014	0.015	0.009	0.003	0.000
0.000	-0.001	-0.003	-0.006	-0.006	0.021	0.052	0.094	0.110	0.188	0.159	0.092	0.012	-0.017	-0.182	-0.203	-0.233	-0.198	-0.223	-0.167	-0.201	-0.155	-0.003	0.370	0.231	0.478	-0.282	-0.088	-0.019	-0.009	-0.003	-0.000
0.000	0.001	0.005	0.016	0.026	0.024	0.008	-0.001	-0.037	-0.074	-0.091	-0.103	-0.110	-0.116	-0.119	-0.133	-0.090	0.149	0.568	-0.005	-0.586	-0.376	-0.178	-0.065	-0.059	-0.044	-0.031	-0.020	-0.011	-0.004	-0.001	-0.000
0.000	-0.001	0.042	0.127	-0.302	-0.397	-0.314	-0.162	-0.156	-0.228	-0.205	-0.279	-0.230	-0.292	-0.220	-0.263	-0.178	-0.203	-0.111	-0.109	-0.022	-0.011	0.043	0.056	0.100	0.098	0.103	0.079	0.056	0.027	0.008	0.000
0.000	0.022	0.062	0.079	0.051	0.004	-0.075	-0.156	-0.226	-0.291	-0.311	-0.321	-0.307	-0.262	-0.197	-0.172	-0.131	-0.158	-0.136	-0.196	-0.207	-0.234	-0.216	-0.227	-0.180	-0.154	-0.105	-0.082	-0.046	-0.021	-0.003	-0.000
0.000	-0.001	-0.006	-0.011	-0.025	-0.032	-0.001	0.192	0.178	0.586	-0.551	-0.290	-0.124	-0.127	-0.154	-0.131	-0.156	-0.112	-0.133	-0.101	-0.097	-0.062	-0.059	-0.034	-0.029	-0.007	-0.004	0.003	0.004	0.004	0.001	0.000
0.000	-0.002	-0.007	-0.012	-0.019	-0.018	-0.024	-0.023	-0.047	-0.047	-0.099	-0.097	-0.184	-0.171	-0.276	-0.240	-0.331	-0.297	-0.374	-0.276	-0.353	-0.246	-0.278	-0.211	-0.139	0.058	0.051	0.074	0.042	0.027	0.003	0.000
0.000	-0.002	-0.007	-0.016	-0.025	-0.033	-0.042	-0.057	-0.054	-0.081	-0.093	-0.167	-0.161	-0.246	-0.224	-0.304	-0.276	-0.337	-0.282	-0.340	-0.279	-0.112	0.172	0.150	0.225	0.246	0.203	0.085	0.009	-0.000	-0.003	-0.000
0.000	-0.001	-0.004	-0.011	-0.016	-0.035	-0.043	-0.075	-0.085	-0.132	-0.134	-0.192	-0.181	-0.213	-0.005	0.126	0.265	0.286	0.573	0.388	0.185	-0.001	-0.003	-0.195	-0.175	-0.161	-0.095	-0.075	-0.035	-0.020	-0.004	-0.000
0.000	-0.001	-0.007	-0.014	-0.030	-0.039	-0.061	-0.056	-0.030	0.056	0.063	0.130	0.078	0.016	-0.065	-0.076	-0.278	-0.284	-0.325	-0.249	-0.265	-0.187	-0.228	-0.155	-0.044	0.404	0.402	-0.152	-0.078	-0.029	-0.004	-0.000
0.000	-0.001	-0.001	-0.003	-0.004	-0.009	-0.006	-0.022	-0.023	-0.056	-0.054	-0.111	-0.104	-0.173	-0.152	-0.224	-0.185	-0.253	-0.194	-0.086	0.269	0.301	0.403	0.360	0.417	0.234	0.066	0.008	-0.009	-0.021	-0.005	-0.000
0.000	0.000	-0.001	-0.003	-0.018	-0.026	-0.045	-0.047	-0.070	-0.066	-0.106	-0.094	-0.074	0.363	0.699	-0.322	-0.281	-0.242	-0.146	-0.103	-0.103	-0.078	-0.079	-0.051	-0.049	-0.026	-0.022	-0.009	-0.006	-0.001	-0.000	-0.000
0.000	-0.000	0.002	0.004	0.016	0.012	0.011	-0.009	-0.004	-0.065	-0.075	-0.120	-0.090	-0.128	-0.094	-0.142	-0.109	-0.132	0.324	-0.757	-0.301	-0.275	-0.162	-0.079	-0.042	-0.044	-0.023	-0.021	-0.008	-0.005	-0.001	-0.000
0.000	-0.000	-0.005	-0.011	-0.023	-0.028	-0.048	-0.048	-0.085	-0.076	-0.071	0.315	0.686	-0.339	-0.300	-0.265	-0.171	-0.126	-0.133	-0.103	-0.114	-0.078	-0.079	-0.045	-0.044	-0.022	-0.017	-0.007	-0.004	-0.000	-0.000	0.000
0.000	-0.011	-0.022	-0.032	-0.065	-0.078	-0.130	-0.132	-0.187	-0.166	-0.215	-0.167	-0.204	-0.132	-0.142	-0.036	-0.019	0.062	0.103	0.217	0.257	0.336	0.344	0.358	0.317	0.274	0.204	0.141	0.079	0.033	0.007	0.000
0.000	-0.000	-0.002	-0.003	-0.009	-0.011	-0.026	-0.026	-0.053	-0.047	-0.089	-0.072	0.012	0.259	0.249	0.366	0.478	0.502	0.322	0.100	0.019	-0.094	-0.194	-0.137	-0.136	-0.085	-0.075	-0.040	-0.029	-0.008	0.000	0.000
0.000	-0.001	-0.004	-0.012	-0.016	-0.032	-0.032	-0.020	0.200	0.405	-0.485	-0.528	-0.341	-0.156	-0.115	-0.145	-0.117	-0.138	-0.100	-0.109	-0.072	-0.075	-0.045	-0.043	-0.019	-0.015	-0.002	-0.001	0.003	0.002	0.001	0.000
0.000	0.000	0.000	-0.006	-0.014	-0.026	-0.032	-0.045	-0.047	-0.066	-0.072	-0.069	0.161	0.544	-0.235	-0.581	-0.397	-0.200	-0.090	-0.099	-0.081	-0.080	-0.060	-0.054	-0.035	-0.027	-0.015	-0.010	-0.004	-0.002	-0.000	-0.000
0.000	0.035	0.133	0.258	0.341	0.331	0.216	0.052	-0.064	-0.212	-0.305	-0.353	-0.345	-0.283	-0.199	-0.108	-0.044	-0.015	-0.004	-0.010	-0.026	-0.060	-0.089	-0.110	-0.118	-0.108	-0.092	-0.066	-0.041	-0.019	-0.004	-0.000
0.000	0.029	0.118	0.256	0.406	0.490	0.470	0.329	0.146	-0.002	-0.103	-0.178	-0.191	-0.167	-0.114	-0.045	-0.006	0.006	0.028	0.023	0.014	0.008	-0.009	-0.029	-0.043	-0.057	-0.051	-0.042	-0.026	-0.012	-0.003	-0.000
0.000	-0.001	-0.002	-0.002	-0.003	0.004	-0.001	0.005	-0.013	-0.014	-0.049	-0.050	-0.128	-0.118	-0.213	-0.178	-0.282	-0.218	-0.312	-0.219	-0.298	-0.202	-0.025	0.343	0.280	0.325	0.279	0.223	0.087	0.014	0.001	-0.000
0.000	-0.000	-0.001	-0.002	-0.007	-0.009	-0.020	-0.024	-0.043	-0.046	-0.079	-0.071	-0.112	-0.089	0.033	0.307	0.292	0.379	0.515	0.468	0.276	0.075	0.015	-0.091	-0.144	-0.097	-0.080	-0.046	-0.030	-0.012	-0.004	-0.000
0.000	-0.002	-0.009	-0.017	-0.039	-0.046	-0.093	-0.090	-0.154	-0.126	-0.156	0.043	0.050	0.198	0.113	0.121	-0.104	-0.036	-0.296	-0.318	-0.414	-0.267	-0.301	-0.174	-0.200	-0.144	-0.123	0.148	-0.256	-0.029	-0.011	-0.000
0.000	0.009	0.040	0.099	0.184	0.285	0.363	0.363	0.289	0.171	0.037	-0.060	-0.148	-0.198	-0.245	-0.251	-0.255	-0.238	-0.220	-0.185	-0.169	-0.138	-0.115	-0.099	-0.079	-0.063	-0.052	-0.035	-0.021	-0.008	-0.002	-0.000
0.000	-0.000	-0.001	-0.003	-0.002	-0.007	-0.007	-0.020	-0.019	-0.047	-0.043	-0.090	-0.078	-0.136	-0.111	-0.173	-0.137	-0.053	0.267	0.307	0.424	0.397	0.497	0.312	0.102	0.018	-0.014	-0.061	-0.034	-0.019	-0.004	-0.000
0.000	0.001	0.003	0.003	-0.003	-0.004	-0.038	-0.047	-0.077	-0.071	-0.106	-0.085	-0.128	-0.118	-0.160	0.224	-0.803	-0.236	-0.260	-0.190	-0.149	-0.088	-0.087	-0.057	-0.059	-0.032	-0.028	-0.013	-0.009	-0.003	-0.001	-0.000
0.000	-0.001	-0.008	-0.018	-0.039	-0.051	-0.087	-0.102	-0.139	-0.156	-0.108	0.054	0.065	0.134	0.103	0.043	-0.101	-0.080	-0.313	-0.360	-0.395	-0.295	-0.282	-0.199	-0.211	-0.147	-0.049	0.230	0.214	-0.030	-0.012	-0.000
0.000	-0.017	-0.055	-0.071	-0.051	-0.077	-0.135	-0.138	-0.214	-0.180	-0.251	-0.197	-0.242	-0.141	-0.184	-0.074	-0.078	0.018	0.038	0.170	0.196	0.296	0.306	0.349	0.315	0.289	0.219	0.159	0.094	0.044	0.010	0.000
0.000	-0.001	-0.002	0.002	0.012	0.028	0.060	0.076	0.060	0.009	-0.004	-0.074	-0.139	-0.164	-0.169	-0.169	-0.166	-0.161	-0.180	-0.143	0.108	0.644	0.123	-0.389	-0.236	-0.123	-0.041	-0.027	-0.016	-0.007	-0.002	-0.000
0.000	-0.001	-0.002	-0.008	-0.011	-0.025	-0.029	-0.021	0.080	0.153	0.244	0.274	0.481	0.391	0.192	0.051	0.001	-0.218	-0.228	-0.252	-0.192	-0.204	-0.144	-0.150	-0.106	-0.075	0.136	0.248	-0.097	-0.071	-0.011	-0.000
0.000	-0.001	-0.005	-0.009	-0.018	-0.020	-0.031	-0.032	-0.052	-0.056	-0.095	-0.101	-0.167	-0.168	-0.234	-0.219	-0.284	-0.252	-0.311	-0.263	-0.112	0.218	0.239	0.316	0.317	0.318	0.163	0.036	0.003	-0.008	-0.006	-0.000
0.000	0.001	0.006	0.009	0.006	0.000	-0.010	-0.042	-0.049	-0.072	-0.067	-0.091	-0.078	-0.107	-0.068	0.017	0.383	0.374	-0.604	-0.452	-0.228	-0.082	-0.065	-0.065	-0.043	-0.038	-0.021	-0.016	-0.007	-0.003	-0.001	-0.000
0.000	0.010	0.044	0.104	0.193	0.278	0.330	0.295	0.204	0.073	-0.040	-0.132	-0.190	-0.265	-0.286	-0.266	-0.282	-0.264	-0.191	-0.230	-0.173	-0.124	-0.134	-0.119	-0.090	-0.082	-0.058	-0.037	-0.020	-0.007	-0.000	-0.000
0.000	-0.002	-0.009	-0.018	-0.034	0.142	-0.468	-0.293	-0.441	-0.354	-0.206	-0.121	-0.202	-0.159	-0.228	-0.168	-0.209	-0.135	-0.172	-0.098	-0.111	-0.050	-0.055	-0.010	-0.010	0.016	0.015	0.023	0.017	0.012	0.003	0.000
0.000	-0.001	-0.004	-0.008	-0.009	-0.019	-0.018	-0.050	-0.052	-0.109	-0.109	-0.182	-0.161	-0.248	-0.220	-0.296	-0.244	-0.300	-0.002	0.101	0.237	0.256	0.547	0.304	0.113	-0.000	0.005	-0.076	-0.046	-0.025	-0.005	-0.000
0.000	-0.001	-0.004	-0.007	-0.010	-0.011	-0.007	-0.001	0.011	0.034	0.068	0.113	0.167	0.225	0.283	0.331	0.366	0.383	0.385	0.362	0.299	0.209	0.121	0.053	0.012	-0.003	-0.008	-0.007	-0.005	-0.002	-0.000	-0.000
0.000	-0.001	-0.010	-0.029	-0.053	-0.071	-0.075	-0.062	-0.036	-0.013	-0.009	-0.003	-0.008	-0.028	-0.088	-0.173	-0.238	-0.303	-0.315	-0.356	-0.355	-0.354	-0.306	-0.284	-0.228	-0.198	-0.135	-0.097	-0.054	-0.023	-0.003	-0.000
0.000	-0.001	-0.008	-0.023	-0.032	-0.030	-0.016	0.007	0.048	0.077	0.118	0.083	0.069	0.007	0.004	-0.090	-0.111	-0.280	-0.254	-0.382	-0.303	-0.406	-0.298	-0.333	-0.228	-0.228	-0.137	-0.112	-0.038	-0.014	0.001	0.000
0.000	0.014	-0.075	-0.143	-0.140	-0.089	-0.115	-0.181	-0.183	-0.256	-0.231	-0.292	-0.228	-0.273	-0.188	-0.205	-0.091	-0.081	0.009	0.031	0.146	0.179	0.262	0.274	0.293	0.256	0.219	0.154	0.097	0.044	0.011	0.000
0.000	-0.000	-0.001	-0.005	-0.006	-0.018	-0.020	-0.041	-0.040	-0.071	-0.062	-0.002	0.222	0.226	0.358	0.441	0.520	0.357	0.120	0.029	-0.081	-0.207	-0.157	-0.164	-0.106	-0.099	-0.058	-0.049	-0.019	-0.000	0.010	0.000
0.000	0.015	0.065	0.164	0.286	0.400	0.437	0.337	0.289	0.140	0.002	-0.000	-0.095	-0.207	-0.038	-0.234	-0.168	-0.137	-0.251	-0.052	-0.170	-0.072	0.013	-0.036	-0.064	-0.032	-0.026	-0.010	-0.012	-0.011	-0.001	0.000
0.000	0.036	0.138	0.276	0.387	0.409	0.337	0.200	0.052	-0.020	-0.059	-0.051	-0.013	0.010	0.074	0.176	0.262	0.286	0.278	0.207	0.147	0.073	0.033	-0.008	-0.021	-0.036	-0.033	-0.032	-0.020	-0.011	-0.003	-0.000
0.000	-0.000	-0.000	-0.003	-0.004	-0.010	-0.012	-0.029	-0.029	-0.059	-0.058	-0.095	-0.085	-0.128	-0.097	0.019	0.318	0.297	0.397	0.486	0.474	0.284	0.082	0.018	-0.065	-0.114	-0.073	-0.057	-0.027	-0.014	-0.003	-0.000
0.000	-0.001	-0.009	-0.027	-0.049	-0.074	-0.099	-0.120	-0.128	-0.126	-0.138	-0.125	-0.155	-0.157	-0.201	-0.212	-0.280	-0.274	-0.328	-0.302	-0.335	-0.285	-0.273	-0.221	-0.203	-0.141	-0.122	-0.069	-0.039	-0.009	-0.002	0.000
0.000	0.003	0.017	0.047	0.093	0.156	0.231	0.312	0.392	0.450	0.450	0.382	0.267	0.145	0.042	-0.006	-0.034	-0.042	-0.037	-0.024	-0.012	-0.002	0.006	0.010	0.009	0.007	0.004	0.001	-0.000	-0.001	-0.000	-0.000
0.000	0.001	0.004	0.015	0.020	0.017	0.001	-0.001	-0.045	-0.063	-0.089	-0.083	-0.106	-0.091	-0.116	-0.105	-0.092	0.220	0.626	-0.317	-0.495	-0.296	-0.132	-0.058	-0.054	-0.036	-0.029	-0.016	-0.010	-0.003	-0.001	-0.000
0.000	0.000	-0.004	0.004	0.030	-0.023	-0.016	0.144	0.026	-0.152	0.035	-0.078	0.043	0.091	-0.190	-0.339	-0.000	0.000	-0.137	0.171	0.235	0.525	0.547	0.281	0.000	0.079	0.023	-0.121	-0.074	-0.039	-0.005	-0.000
0.000	-0.002	-0.008	-0.018	-0.025	-0.042	-0.053	-0.090	-0.099	-0.150	-0.154	-0.232	-0.222	-0.290	-0.264	-0.343	-0.320	-0.331	-0.042	0.011	0.158	0.210	0.420	0.219	0.042	-0.019	-0.028	-0.079	-0.045	-0.024	-0.005	-0.000
0.000	-0.001	-0.002	-0.002	0.015	0.035	0.066	0.082	0.142	0.129	0.079	0.018	-0.011	-0.139	-0.155	-0.207	-0.162	-0.194	-0.145	-0.183	-0.134	-0.009	0.395	0.277	0.535	-0.346	-0.119	-0.027	-0.015	-0.009	-0.002	-0.000
0.000	0.001	0.003	0.011	0.021	0.044	0.041	0.023	-0.000	-0.017	-0.086	-0.086	-0.123	-0.098	-0.132	-0.100	-0.136	-0.086	-0.039	0.341	0.510	-0.540	-0.409	-0.195	-0.065	-0.039	-0.035	-0.018	-0.013	-0.004	-0.001	-0.000
0.000	-0.002	-0.006	-0.014	-0.022	-0.043	-0.054	-0.088	-0.105	-0.159	-0.167	-0.225	-0.223	-0.290	-0.277	-0.310	-0.068	0.041	0.176	0.240	0.512	0.315	0.103	-0.019	-0.031	-0.146	-0.112	-0.087	-0.041	-0.022	-0.005	-0.000
0.000	-0.002	-0.006	-0.016	-0.022	0.002	0.176	0.159	0.570	-0.556	-0.299	-0.117	-0.127	-0.167	-0.139	-0.159	-0.128	-0.144	-0.102	-0.109	-0.072	-0.068	-0.035	-0.029	-0.007	-0.001	0.010	0.011	0.012	0.007	0.002	0.000
0.000	0.001	0.008	0.024	0.053	0.097	0.155	0.225	0.299	0.376	0.437	0.450	0.391	0.280	0.155	0.045	-0.011	-0.050	-0.070	-0.073	-0.065	-0.052	-0.039	-0.028	-0.018	-0.012	-0.008	-0.005	-0.003	-0.002	-0.000	-0.000
0.000	-0.001	-0.001	-0.003	0.009	0.013	0.040	0.026	0.020	-0.018	-0.008	-0.100	-0.111	-0.168	-0.123	-0.166	-0.116	-0.167	-0.127	-0.144	0.330	-0.741	-0.269	-0.239	-0.133	-0.061	-0.028	-0.025	-0.011	-0.007	-0.001	-0.000
0.000	0.050	0.184	0.339	0.424	0.377	0.227	0.038	-0.076	-0.207	-0.251	-0.218	-0.127	-0.040	0.019	0.092	0.191	0.218	0.190	0.115	0.049	0.005	-0.022	-0.062	-0.078	-0.095	-0.078	-0.065	-0.040	-0.020	-0.004	-0.000
0.000	0.000	0.002	0.012	0.013	0.012	-0.007	-0.005	-0.059	-0.074	-0.110	-0.093	-0.132	-0.103	-0.145	-0.150	-0.198	0.174	-0.828	-0.108	-0.216	-0.171	-0.157	-0.074	-0.061	-0.036	-0.032	-0.016	-0.011	-0.003	-0.001	-0.000
0.000	-0.001	-0.004	-0.007	-0.018	-0.020	-0.016	0.068	0.106	0.195	0.228	0.396	0.320	0.149	0.022	-0.028	-0.239	-0.223	-0.269	-0.200	-0.230	-0.157	-0.176	-0.119	-0.087	0.208	0.363	-0.206	-0.142	-0.039	-0.005	-0.000
0.000	-0.001	-0.003	-0.005	-0.003	-0.008	-0.005	-0.014	-0.013	-0.041	-0.042	-0.105	-0.094	-0.189	-0.165	-0.270	-0.214	-0.307	-0.234	-0.318	-0.232	-0.137	0.229	0.270	0.350	0.272	0.307	0.146	0.033	0.003	-0.001	-0.000
0.000	0.002	0.004	0.003	0.000	-0.008	-0.032	-0.040	-0.058	-0.057	-0.079	-0.070	-0.099	-0.068	0.019	0.383	0.335	-0.620	-0.463	-0.240	-0.089	-0.073	-0.074	-0.052	-0.047	-0.029	-0.023	-0.011	-0.007	-0.002	-0.001	-0.000
0.000	-0.002	-0.011	-0.027	-0.045	-0.059	-0.082	-0.070	-0.058	-0.050	-0.088	-0.054	-0.094	-0.130	-0.148	-0.105	-0.286	-0.368	-0.369	-0.268	-0.365	-0.307	-0.287	-0.228	-0.221	-0.143	-0.097	-0.082	-0.050	-0.006	0.000	0.000
0.000	0.006	0.007	-0.003	-0.025	-0.060	-0.103	-0.127	-0.190	-0.177	-0.212	-0.215	-0.275	-0.252	-0.189	-0.264	-0.310	-0.216	-0.196	-0.249	-0.311	-0.270	-0.250	-0.140	-0.160	-0.146	-0.123	-0.034	-0.019	-0.007	-0.002	0.000
0.000	0.002	0.007	0.011	0.015	0.016	0.018	0.014	0.013	0.002	0.016	0.016	0.022	0.009	0.026	0.011	0.029	0.120	0.363	0.377	0.421	0.450	0.413	0.260	0.111	0.038	-0.010	-0.032	-0.020	-0.011	-0.002	-0.000
0.000	-0.000	0.001	0.004	0.020	0.030	0.060	0.048	0.030	0.006	-0.003	-0.086	-0.082	-0.128	-0.091	-0.129	-0.083	-0.120	-0.085	-0.060	0.343	0.593	-0.489	-0.388	-0.182	-0.056	-0.026	-0.022	-0.010	-0.006	-0.001	-0.000
0.000	0.001	0.004	0.009	0.026	0.028	0.019	0.002	-0.003	-0.060	-0.069	-0.101	-0.082	-0.112	-0.086	-0.119	-0.092	-0.080	0.275	0.625	-0.427	-0.435	-0.238	-0.095	-0.045	-0.043	-0.024	-0.020	-0.009	-0.005	-0.001	-0.000
0.000	0.008	0.037	0.090	0.167	0.263	0.366	0.453	0.476	0.420	0.294	0.149	0.025	-0.032	-0.083	-0.096	-0.088	-0.061	-0.034	-0.012	-0.001	0.006	0.009	0.008	0.002	-0.002	-0.004	-0.006	-0.005	-0.003	-0.001	-0.000
0.000	-0.002	-0.009	-0.014	-0.034	-0.044	-0.078	0.168	-0.640	-0.250	-0.325	-0.274	-0.236	-0.165	-0.205	-0.163	-0.213	-0.146	-0.173	-0.113	-0.127	-0.071	-0.073	-0.029	-0.030	-0.004	-0.002	0.008	0.006	0.006	0.002	0.000
0.000	-0.001	-0.002	-0.003	-0.001	0.003	0.014	0.034	0.066	0.108	0.159	0.216	0.273	0.322	0.360	0.382	0.390	0.370	0.311	0.221	0.129	0.055	0.010	-0.005	-0.013	-0.012	-0.008	-0.004	-0.002	-0.001	-0.000	-0.000
0.000	-0.001	-0.003	-0.011	-0.011	-0.024	-0.012	0.010	0.115	0.116	0.218	0.152	0.094	0.015	0.018	-0.193	-0.185	-0.262	-0.170	-0.216	-0.131	-0.173	-0.113	-0.066	0.360	0.536	-0.341	-0.222	-0.077	-0.014	-0.002	-0.000
0.000	-0.001	-0.003	-0.005	-0.007	-0.005	-0.000	0.011	0.030	0.063	0.103	0.157	0.213	0.273	0.321	0.360	0.382	0.391	0.371	0.311	0.221	0.130	0.057	0.013	-0.004	-0.010	-0.010	-0.007	-0.004	-0.002	-0.000	-0.000
0.000	0.049	0.180	0.325	0.400	0.341	0.179	0.009	-0.131	-0.259	-0.306	-0.274	-0.209	-0.092	-0.021	0.006	0.027	0.025	0.011	0.001	-0.042	-0.094	-0.143	-0.192	-0.188	-0.173	-0.138	-0.100	-0.059	-0.022	-0.003	-0.000
0.000	-0.000	-0.003	-0.011	-0.014	-0.022	-0.008	-0.006	0.017	0.002	0.027	-0.009	-0.007	-0.056	-0.052	-0.165	-0.136	-0.260	-0.216	-0.317	-0.240	-0.308	-0.195	0.007	0.375	0.313	0.315	0.251	0.165	0.050	0.005	0.000
0.000	0.005	0.026	0.066	0.127	0.206	0.300	0.395	0.463	0.457	0.377	0.245	0.107	0.006	-0.050	-0.093	-0.107	-0.101	-0.083	-0.058	-0.042	-0.025	-0.013	-0.009	-0.008	-0.007	-0.008	-0.007	-0.005	-0.003	-0.001	-0.000
0.000	-0.001	-0.005	-0.010	-0.014	-0.018	-0.018	-0.015	-0.005	0.008	0.033	0.069	0.119	0.173	0.234	0.289	0.337	0.366	0.380	0.373	0.349	0.294	0.214	0.129	0.062	0.020	0.002	-0.004	-0.004	-0.002	-0.000	-0.000
0.000	-0.000	-0.000	-0.007	-0.018	-0.033	-0.043	-0.057	-0.064	-0.080	-0.115	-0.128	0.053	0.720	0.242	-0.328	-0.259	-0.264	-0.132	-0.112	-0.099	-0.093	-0.073	-0.060	-0.043	-0.031	-0.019	-0.011	-0.005	-0.002	-0.000	-0.000
0.000	-0.001	-0.004	-0.012	-0.017	-0.039	-0.040	-0.077	-0.069	-0.124	-0.092	-0.139	-0.073	0.020	0.366	0.342	0.539	0.361	0.197	0.029	0.038	-0.232	-0.204	-0.239	-0.137	-0.137	-0.067	-0.064	-0.028	-0.008	0.015	0.000
0.000	-0.017	-0.076	-0.100	-0.084	-0.088	-0.147	-0.159	-0.229	-0.216	-0.285	-0.240	-0.291	-0.218	-0.245	-0.146	-0.146	-0.025	-0.007	0.084	0.126	0.225	0.247	0.295	0.277	0.262	0.204	0.149	0.088	0.042	0.010	0.000
0.000	-0.001	-0.002	-0.005	-0.003	-0.004	0.005	-0.003	0.007	-0.012	-0.012	-0.041	-0.040	-0.108	-0.098	-0.179	-0.156	-0.235	-0.187	-0.247	-0.167	0.025	0.401	0.350	0.387	0.373	0.297	0.131	0.027	0.003	-0.003	-0.000
0.000	0.001	0.006	-0.029	-0.050	0.000	0.012	-0.181	-0.299	-0.045	-0.051	-0.229	-0.469	0.033	-0.382	-0.390	-0.178	0.000	0.167	0.282	0.258	0.231	-0.045	0.019	-0.106	-0.093	-0.117	-0.033	-0.038	-0.010	-0.004	-0.000
0.000	-0.001	-0.004	-0.013	-0.019	-0.028	0.010	0.040	0.096	0.113	0.254	0.197	0.098	-0.009	-0.024	-0.244	-0.253	-0.304	-0.231	-0.265	-0.195	-0.225	-0.144	-0.101	0.255	0.481	-0.233	-0.161	-0.056	-0.012	-0.002	-0.000
0.000	0.001	0.006	0.009	0.009	0.001	-0.002	-0.036	-0.045	-0.071	-0.062	-0.088	-0.072	-0.103	-0.082	-0.067	0.264	0.587	-0.445	-0.467	-0.267	-0.110	-0.060	-0.062	-0.040	-0.038	-0.021	-0.016	-0.007	-0.003	-0.001	-0.000
0.000	-0.016	-0.086	-0.120	-0.103	-0.092	-0.153	-0.167	-0.239	-0.229	-0.298	-0.261	-0.315	-0.246	-0.281	-0.187	-0.190	-0.078	-0.051	0.028	0.066	0.167	0.197	0.249	0.243	0.233	0.186	0.139	0.083	0.040	0.010	0.000
0.000	-0.001	-0.006	-0.012	-0.024	-0.034	-0.057	-0.074	-0.110	-0.138	-0.187	-0.204	-0.259	-0.263	-0.317	-0.301	-0.342	-0.315	-0.322	-0.303	-0.304	-0.065	0.016	0.031	0.031	0.033	-0.023	-0.014	-0.024	-0.018	-0.006	-0.000
0.000	0.015	0.066	0.152	0.264	0.352	0.368	0.299	0.179	0.017	-0.065	-0.158	-0.220	-0.260	-0.264	-0.263	-0.228	-0.219	-0.181	-0.154	-0.123	-0.105	-0.101	-0.095	-0.088	-0.077	-0.059	-0.043	-0.026	-0.012	-0.003	-0.000
0.000	-0.001	-0.005	-0.012	-0.020	-0.030	-0.047	-0.048	0.079	0.431	0.015	-0.582	-0.457	-0.276	-0.124	-0.136	-0.138	-0.133	-0.121	-0.108	-0.092	-0.073	-0.057	-0.041	-0.028	-0.016	-0.007	-0.001	0.001	0.002	0.001	0.000
0.000	-0.002	-0.008	-0.015	-0.026	-0.034	-0.044	-0.047	-0.051	-0.042	-0.032	-0.009	0.011	0.053	0.103	0.168	0.228	0.293	0.339	0.373	0.380	0.368	0.335	0.288	0.220	0.143	0.075	0.030	0.008	0.001	-0.000	-0.000
0.000	-0.000	0.003	0.009	0.023	0.046	0.067	0.055	0.020	0.000	-0.050	-0.114	-0.126	-0.148	-0.137	-0.152	-0.138	-0.156	-0.096	0.111	0.530	0.146	-0.559	-0.350	-0.155	-0.050	-0.037	-0.026	-0.014	-0.006	-0.001	-0.000
0.000	-0.001	-0.004	-0.012	-0.018	-0.038	-0.048	-0.082	-0.090	-0.139	-0.136	-0.164	0.018	0.121	0.239	0.258	0.569	0.390	0.184	-0.006	-0.007	-0.257	-0.243	-0.240	-0.158	-0.147	-0.085	-0.071	-0.035	-0.015	0.008	0.000
0.000	0.003	0.017	0.047	0.094	0.159	0.237	0.325	0.410	0.461	0.442	0.353	0.223	0.090	0.003	-0.046	-0.081	-0.092	-0.088	-0.074	-0.057	-0.038	-0.023	-0.014	-0.010	-0.007	-0.006	-0.005	-0.004	-0.002	-0.001	-0.000
0.000	-0.001	-0.002	-0.004	-0.002	-0.001	0.010	0.023	0.056	0.089	0.145	0.192	0.257	0.301	0.349	0.369	0.384	0.371	0.340	0.266	0.180	0.095	0.038	0.004	-0.005	-0.008	-0.007	-0.004	-0.002	-0.000	-0.000	0.000
0.000	-0.000	-0.001	-0.001	-0.005	-0.006	-0.016	-0.015	-0.036	-0.036	-0.070	-0.062	-0.111	-0.087	-0.150	-0.114	0.004	0.323	0.297	0.404	0.468	0.471	0.281	0.079	0.015	-0.047	-0.089	-0.051	-0.036	-0.013	-0.004	-0.000
0.000	0.013	0.056	0.133	0.239	0.342	0.398	0.359	0.254	0.104	-0.007	-0.110	-0.179	-0.229	-0.252	-0.258	-0.234	-0.219	-0.174	-0.144	-0.118	-0.090	-0.080	-0.075	-0.066	-0.060	-0.046	-0.034	-0.021	-0.010	-0.002	-0.000
0.000	-0.000	-0.004	-0.006	0.010	-0.013	0.008	-0.021	0.081	0.127	0.307	0.262	0.104	-0.135	-0.373	0.206	0.143	-0.162	0.073	0.443	-0.306	-0.048	0.131	0.056	-0.006	0.053	-0.001	-0.029	0.004	0.000	0.000	0.000
0.000	0.015	0.065	0.151	0.237	0.285	0.252	0.202	0.066	-0.064	-0.066	-0.157	-0.198	-0.268	-0.161	-0.167	-0.385	-0.329	0.012	-0.256	-0.227	-0.042	-0.222	-0.055	-0.104	-0.045	-0.016	-0.023	-0.005	-0.000	0.000	0.000
0.000	0.004	-0.002	-0.019	-0.062	-0.072	-0.074	-0.053	-0.000	0.030	0.019	0.109	0.070	0.106	0.000	-0.000	-0.193	-0.132	-0.363	-0.241	-0.421	-0.310	-0.411	-0.257	-0.313	-0.171	-0.203	-0.103	-0.078	-0.020	-0.004	0.000
0.000	0.004	0.017	0.014	0.036	0.062	0.046	0.064	0.089	0.095	-0.005	0.115	0.067	-0.558	-0.363	0.248	0.015	-0.104	0.326	0.303	-0.087	-0.286	0.122	-0.081	0.068	0.031	0.046	0.013	0.008	-0.000	0.002	0.000
0.000	-0.001	-0.001	0.003	0.012	0.035	0.044	0.033	-0.003	-0.009	-0.069	-0.121	-0.151	-0.153	-0.160	-0.154	-0.164	-0.196	-0.182	0.060	0.735	0.213	-0.261	-0.175	-0.139	-0.057	-0.038	-0.024	-0.014	-0.006	-0.001	-0.000
0.000	0.052	0.159	0.237	0.214	0.106	-0.025	-0.135	-0.246	-0.272	-0.275	-0.142	-0.071	-0.003	0.004	0.037	0.022	0.022	-0.025	-0.043	-0.224	-0.243	-0.345	-0.274	-0.314	-0.224	-0.211	-0.133	-0.071	-0.011	-0.000	0.000
0.000	0.004	0.011	0.013	0.009	0.003	0.002	0.002	0.009	0.010	0.038	0.145	0.274	0.345	0.408	0.476	0.439	0.282	0.166	0.061	-0.039	-0.086	-0.084	-0.078	-0.062	-0.052	-0.043	-0.030	0.004	0.016	0.003	-0.000
0.000	0.000	0.001	0.007	0.020	0.043	0.079	0.126	0.184	0.247	0.309	0.366	0.412	0.428	0.390	0.301	0.191	0.089	0.018	-0.014	-0.032	-0.036	-0.033	-0.024	-0.017	-0.011	-0.006	-0.003	-0.001	-0.000	-0.000	-0.000
0.000	0.034	0.135	0.279	0.403	0.441	0.358	0.186	0.014	-0.103	-0.226	-0.280	-0.278	-0.232	-0.142	-0.068	-0.022	0.000	0.018	0.012	-0.001	-0.028	-0.043	-0.081	-0.086	-0.089	-0.073	-0.061	-0.036	-0.017	-0.003	-0.000
0.000	-0.001	-0.007	0.006	0.007	0.064	0.054	0.110	0.063	0.202	0.021	0.183	-0.042	0.056	-0.074	-0.047	-0.185	-0.046	-0.279	-0.069	-0.292	-0.085	0.059	0.561	0.278	0.400	0.155	0.089	0.002	0.009	-0.008	-0.000
0.000	0.002	0.015	0.000	-0.035	0.061	0.104	-0.017	0.064	0.173	0.146	0.308	0.072	0.389	0.318	0.398	0.146	0.270	0.274	-0.336	0.308	0.135	-0.092	0.000	0.076	0.000	-0.082	-0.024	0.019	0.015	-0.000	-0.000
0.000	-0.001	-0.004	-0.010	-0.015	-0.028	-0.032	-0.057	-0.067	-0.115	-0.114	-0.186	-0.174	-0.259	-0.225	-0.309	-0.255	-0.334	-0.249	-0.269	-0.047	0.069	0.287	0.255	0.358	0.184	0.060	0.002	-0.002	-0.022	-0.006	-0.000
0.000	-0.002	-0.007	-0.013	-0.016	-0.015	-0.010	-0.009	-0.004	-0.007	-0.012	-0.047	-0.064	-0.138	-0.172	-0.257	-0.264	-0.337	-0.323	-0.366	-0.313	-0.327	-0.258	-0.246	-0.145	0.021	0.163	0.123	0.102	0.053	0.012	0.000
0.000	-0.023	-0.092	-0.105	-0.029	-0.023	-0.115	-0.026	-0.018	-0.026	-0.249	0.042	-0.124	-0.065	-0.244	0.034	-0.054	0.160	0.169	0.171	0.107	0.425	0.272	0.257	0.368	0.343	0.252	0.199	0.103	0.059	0.015	0.000
0.000	-0.000	-0.001	-0.000	-0.001	0.003	-0.000	0.002	-0.008	-0.007	-0.031	-0.024	-0.067	-0.057	-0.107	-0.088	-0.156	-0.117	-0.049	0.281	0.363	0.440	0.388	0.486	0.312	0.114	0.025	-0.000	-0.034	-0.016	-0.005	-0.000
0.000	-0.000	-0.007	-0.024	-0.047	-0.069	-0.096	-0.110	-0.134	-0.137	-0.153	-0.114	-0.173	-0.165	-0.241	-0.220	-0.296	-0.270	-0.346	-0.274	-0.347	-0.275	-0.286	-0.211	-0.178	0.000	0.016	0.037	0.031	0.030	0.004	0.000
0.000	-0.001	-0.006	-0.015	-0.027	-0.038	-0.053	-0.068	-0.106	-0.112	-0.005	0.590	0.386	-0.346	-0.278	-0.326	-0.199	-0.158	-0.157	-0.145	-0.125	-0.100	-0.089	-0.065	-0.050	-0.029	-0.018	-0.008	-0.004	-0.001	0.000	0.000
0.000	-0.001	-0.005	-0.012	-0.020	-0.035	-0.049	-0.076	-0.104	-0.140	-0.175	-0.210	-0.228	-0.266	-0.292	-0.325	-0.282	-0.331	-0.296	-0.312	-0.271	-0.208	-0.048	0.039	0.122	0.146	0.124	0.036	0.002	-0.002	-0.003	-0.000
0.000	0.003	0.007	-0.006	-0.016	-0.036	-0.038	-0.115	-0.078	-0.067	-0.192	-0.170	-0.049	-0.370	-0.149	-0.077	-0.436	-0.192	-0.368	-0.109	-0.295	-0.164	-0.243	-0.179	-0.130	-0.151	-0.053	-0.032	-0.017	0.004	0.001	0.000
0.000	0.019	0.077	0.151	0.203	0.193	0.138	0.026	-0.045	-0.138	-0.214	-0.269	-0.297	-0.315	-0.289	-0.285	-0.269	-0.232	-0.212	-0.190	-0.179	-0.174	-0.166	-0.152	-0.139	-0.114	-0.092	-0.055	-0.030	-0.012	-0.002	-0.000
0.000	0.041	0.105	0.105	0.035	-0.057	-0.182	-0.274	-0.329	-0.302	-0.203	-0.051	0.013	0.116	0.188	0.210	0.139	0.037	-0.000	-0.011	-0.125	-0.218	-0.273	-0.299	-0.267	-0.230	-0.189	-0.123	-0.077	-0.034	-0.009	-0.000
0.000	0.000	0.000	-0.002	-0.014	-0.020	-0.035	-0.035	-0.054	-0.049	-0.076	-0.053	-0.007	0.311	0.411	-0.595	-0.487	-0.263	-0.100	-0.081	-0.092	-0.064	-0.066	-0.043	-0.040	-0.022	-0.019	-0.008	-0.006	-0.001	-0.000	-0.000
0.000	0.022	0.090	0.201	0.336	0.437	0.450	0.356	0.192	0.024	-0.078	-0.184	-0.234	-0.248	-0.218	-0.157	-0.095	-0.045	-0.016	-0.008	-0.005	-0.009	-0.023	-0.036	-0.047	-0.052	-0.046	-0.037	-0.024	-0.011	-0.003	-0.000
0.000	0.001	0.002	-0.001	-0.001	-0.022	-0.031	-0.057	-0.051	-0.081	-0.065	-0.104	-0.105	-0.133	0.271	-0.759	-0.216	-0.289	-0.225	-0.157	-0.082	-0.088	-0.057	-0.064	-0.036	-0.035	-0.017	-0.014	-0.005	-0.003	-0.000	-0.000
0.000	-0.003	-0.010	-0.018	-0.025	-0.023	-0.009	0.001	0.012	0.005	0.010	-0.012	-0.018	-0.116	-0.127	-0.237	-0.235	-0.356	-0.314	-0.398	-0.317	-0.349	-0.258	-0.282	-0.191	-0.186	-0.106	-0.083	-0.024	-0.007	0.003	0.000
0.000	-0.017	-0.041	-0.045	-0.054	-0.096	-0.113	-0.168	-0.167	-0.221	-0.198	-0.239	-0.187	-0.209	-0.127	-0.121	-0.020	-0.002	0.090	0.137	0.243	0.281	0.340	0.334	0.327	0.273	0.218	0.148	0.088	0.038	0.008	0.000
0.000	-0.000	0.043	0.070	0.347	-0.446	-0.279	-0.122	-0.155	-0.221	-0.200	-0.252	-0.220	-0.265	-0.207	-0.239	-0.165	-0.184	-0.092	-0.093	-0.013	0.001	0.068	0.080	0.117	0.118	0.118	0.090	0.063	0.031	0.009	0.000
0.000	0.028	0.106	0.245	0.361	0.417	0.371	0.305	0.207	0.031	-0.000	0.111	-0.052	-0.397	0.014	-0.049	-0.121	0.019	0.172	0.031	-0.056	0.008	-0.011	0.123	-0.032	-0.079	0.044	0.068	0.072	0.031	0.007	0.000
0.000	-0.000	-0.001	-0.003	-0.003	-0.009	-0.011	-0.026	-0.028	-0.056	-0.054	-0.095	-0.089	-0.137	-0.121	-0.070	0.186	0.293	0.400	0.378	0.551	0.376	0.146	0.027	-0.007	-0.102	-0.079	-0.060	-0.029	-0.016	-0.003	-0.000
0.000	-0.005	-0.042	-0.066	-0.057	-0.063	-0.109	-0.100	-0.147	-0.217	-0.188	-0.278	-0.336	-0.172	-0.363	-0.145	-0.242	-0.047	0.065	-0.241	0.150	0.120	0.246	0.275	0.189	0.155	0.180	0.128	0.089	0.034	0.007	0.000
0.000	-0.000	-0.003	-0.012	-0.023	-0.035	-0.046	-0.059	-0.074	-0.115	-0.120	0.008	0.639	0.407	-0.310	-0.266	-0.293	-0.163	-0.129	-0.125	-0.113	-0.101	-0.077	-0.062	-0.044	-0.032	-0.019	-0.010	-0.004	-0.001	-0.000	0.000
0.000	-0.001	-0.002	-0.006	-0.009	-0.021	-0.026	-0.047	-0.052	-0.085	-0.083	-0.071	0.105	0.230	0.326	0.330	0.556	0.424	0.201	0.030	-0.003	-0.191	-0.188	-0.183	-0.125	-0.112	-0.068	-0.053	-0.026	-0.008	0.008	0.000
0.000	-0.007	-0.017	-0.031	-0.046	-0.081	-0.092	-0.135	-0.131	-0.172	-0.146	-0.176	-0.124	-0.131	-0.053	-0.031	0.034	0.076	0.183	0.234	0.321	0.345	0.380	0.355	0.323	0.260	0.198	0.130	0.071	0.027	0.005	0.000
0.000	-0.001	-0.005	-0.012	-0.024	-0.040	-0.055	-0.076	-0.103	-0.041	0.083	0.107	0.210	0.442	0.404	0.262	0.017	0.015	-0.226	-0.310	-0.293	-0.260	-0.227	-0.187	-0.153	-0.134	-0.082	0.036	0.156	0.013	-0.013	-0.000
0.000	0.001	0.002	0.000	-0.001	-0.019	-0.026	-0.045	-0.042	-0.063	-0.055	-0.082	-0.071	-0.065	0.236	0.583	-0.431	-0.495	-0.299	-0.131	-0.072	-0.079	-0.055	-0.057	-0.035	-0.031	-0.016	-0.013	-0.005	-0.003	-0.000	-0.000
0.000	-0.000	-0.002	-0.004	-0.012	-0.014	-0.033	-0.030	-0.064	-0.056	-0.002	0.209	0.210	0.338	0.423	0.512	0.361	0.123	0.026	-0.085	-0.235	-0.178	-0.196	-0.128	-0.132	-0.079	-0.074	-0.031	-0.004	0.039	0.012	-0.000
0.000	-0.001	-0.002	-0.007	-0.009	-0.023	-0.025	-0.048	-0.044	0.002	0.181	0.195	0.316	0.417	0.495	0.339	0.120	0.027	-0.102	-0.254	-0.201	-0.221	-0.153	-0.159	-0.104	-0.102	-0.049	0.002	0.090	0.042	-0.015	-0.000
0.000	0.011	0.068	-0.147	-0.275	-0.256	-0.166	-0.146	-0.215	-0.215	-0.287	-0.255	-0.313	-0.253	-0.290	-0.211	-0.229	-0.134	-0.126	-0.028	-0.008	0.062	0.088	0.148	0.156	0.170	0.145	0.117	0.074	0.037	0.010	0.000
0.000	-0.000	-0.004	-0.009	-0.023	-0.025	-0.046	-0.042	-0.074	-0.082	-0.112	0.224	-0.729	-0.215	-0.324	-0.267	-0.199	-0.111	-0.126	-0.091	-0.107	-0.068	-0.074	-0.042	-0.042	-0.020	-0.017	-0.006	-0.004	-0.000	-0.000	0.000
0.000	0.001	0.004	0.014	0.035	0.067	0.115	0.173	0.240	0.307	0.373	0.425	0.440	0.390	0.291	0.174	0.071	0.004	-0.025	-0.044	-0.048	-0.042	-0.032	-0.022	-0.014	-0.009	-0.004	-0.002	-0.001	-0.001	-0.000	-0.000
0.000	-0.001	-0.004	-0.008	-0.020	-0.025	-0.050	-0.053	-0.094	-0.083	-0.139	-0.107	-0.138	-0.028	0.101	0.418	0.377	0.554	0.306	0.126	0.026	-0.007	-0.225	-0.189	-0.193	-0.112	-0.101	-0.049	-0.039	-0.013	-0.001	0.000
0.000	-0.000	-0.002	-0.005	-0.012	-0.017	-0.033	-0.039	-0.065	-0.068	-0.057	0.092	0.212	0.306	0.328	0.549	0.435	0.206	0.039	-0.003	-0.191	-0.204	-0.198	-0.148	-0.133	-0.089	-0.074	-0.045	-0.019	0.024	0.014	-0.000
0.000	-0.002	-0.006	-0.002	0.126	0.215	-0.493	-0.520	-0.354	-0.149	-0.141	-0.194	-0.157	-0.209	-0.162	-0.199	-0.138	-0.167	-0.103	-0.112	-0.056	-0.050	-0.002	0.000	0.030	0.033	0.046	0.038	0.031	0.016	0.005	0.000
0.000	0.000	-0.003	-0.007	-0.016	-0.017	-0.033	-0.029	-0.049	-0.050	-0.058	0.201	0.619	-0.358	-0.499	-0.338	-0.171	-0.083	-0.097	-0.070	-0.083	-0.056	-0.056	-0.031	-0.032	-0.017	-0.014	-0.004	-0.003	-0.000	-0.000	0.000
0.000	-0.012	-0.030	-0.036	-0.048	-0.087	-0.098	-0.150	-0.144	-0.198	-0.165	-0.207	-0.148	-0.170	-0.084	-0.080	0.003	0.022	0.135	0.178	0.281	0.311	0.364	0.351	0.337	0.278	0.221	0.148	0.087	0.035	0.007	0.000
0.000	-0.001	-0.005	-0.010	-0.020	-0.029	-0.050	-0.067	-0.101	-0.117	-0.163	-0.179	-0.225	-0.226	-0.267	-0.055	0.119	0.186	0.263	0.558	0.393	0.195	-0.002	-0.001	-0.157	-0.147	-0.118	-0.071	-0.045	-0.018	-0.005	-0.000
0.000	-0.000	-0.001	-0.002	-0.006	-0.008	-0.020	-0.022	-0.044	-0.043	-0.079	-0.072	-0.123	-0.106	-0.054	0.201	0.273	0.390	0.386	0.554	0.382	0.145	0.027	-0.018	-0.125	-0.097	-0.084	-0.046	-0.032	-0.011	-0.004	-0.000
0.000	-0.002	-0.005	-0.015	-0.017	-0.010	0.169	0.314	-0.535	-0.536	-0.330	-0.133	-0.124	-0.169	-0.135	-0.168	-0.125	-0.150	-0.101	-0.114	-0.069	-0.073	-0.033	-0.030	-0.004	-0.001	0.010	0.010	0.012	0.007	0.002	0.000
0.000	-0.001	-0.000	0.003	0.012	0.021	0.079	0.069	0.044	-0.002	0.009	-0.115	-0.129	-0.170	-0.136	-0.178	-0.134	-0.174	-0.161	-0.194	0.208	-0.773	-0.204	-0.240	-0.125	-0.068	-0.033	-0.027	-0.012	-0.007	-0.001	-0.000
0.000	-0.003	-0.008	0.036	0.212	-0.094	-0.463	-0.418	-0.278	-0.153	-0.201	-0.207	-0.240	-0.228	-0.239	-0.207	-0.201	-0.167	-0.151	-0.107	-0.081	-0.033	-0.011	0.018	0.034	0.053	0.055	0.051	0.037	0.020	0.006	0.000
0.000	0.009	0.039	0.096	0.178	0.282	0.385	0.434	0.399	0.291	0.143	0.008	-0.072	-0.148	-0.191	-0.208	-0.204	-0.192	-0.163	-0.136	-0.106	-0.082	-0.068	-0.056	-0.050	-0.044	-0.034	-0.026	-0.016	-0.008	-0.002	-0.000
0.000	-0.000	-0.000	0.003	0.010	0.026	0.051	0.090	0.138	0.198	0.256	0.315	0.364	0.404	0.418	0.386	0.302	0.197	0.099	0.028	-0.005	-0.022	-0.027	-0.024	-0.018	-0.011	-0.007	-0.003	-0.001	-0.000	-0.000	-0.000
0.000	-0.001	-0.002	-0.003	-0.002	0.002	0.011	0.030	0.060	0.100	0.151	0.208	0.268	0.320	0.366	0.397	0.409	0.378	0.301	0.197	0.103	0.034	-0.002	-0.016	-0.020	-0.019	-0.014	-0.008	-0.004	-0.002	-0.000	-0.000
0.000	-0.001	-0.004	-0.009	-0.012	0.010	0.060	0.092	0.138	0.251	0.251	0.164	0.037	-0.002	-0.160	-0.241	-0.243	-0.233	-0.227	-0.205	-0.194	-0.181	-0.102	0.164	0.482	-0.077	-0.340	-0.156	-0.049	-0.010	-0.003	-0.000
0.000	0.029	0.119	0.255	0.399	0.480	0.465	0.340	0.180	0.031	-0.036	-0.084	-0.086	-0.046	-0.010	0.018	0.075	0.128	0.163	0.151	0.118	0.068	0.031	0.004	-0.009	-0.019	-0.024	-0.023	-0.016	-0.008	-0.002	-0.000
0.000	-0.002	-0.006	-0.012	-0.019	-0.025	-0.030	-0.029	-0.026	-0.012	0.000	0.028	0.064	0.118	0.172	0.237	0.292	0.342	0.368	0.379	0.367	0.341	0.291	0.217	0.135	0.068	0.025	0.005	-0.001	-0.001	-0.001	-0.000
0.000	-0.003	-0.012	-0.023	-0.046	-0.055	-0.086	-0.086	-0.117	-0.099	-0.123	-0.084	-0.089	-0.023	-0.008	0.054	0.095	0.192	0.240	0.324	0.352	0.387	0.370	0.347	0.290	0.234	0.165	0.100	0.045	0.014	0.002	0.000
0.000	0.001	0.001	0.002	-0.000	0.026	0.009	-0.005	0.043	0.043	0.022	0.290	0.224	0.305	0.355	0.514	0.506	0.057	0.165	0.003	-0.064	-0.084	-0.111	-0.061	-0.055	-0.050	-0.038	-0.021	0.002	0.034	0.006	-0.000
0.000	-0.001	-0.001	-0.002	0.001	-0.003	0.002	-0.008	-0.002	-0.019	-0.011	-0.058	-0.040	-0.111	-0.080	-0.161	-0.114	-0.190	-0.126	0.012	0.399	0.338	0.426	0.428	0.406	0.218	0.060	0.010	-0.015	-0.021	-0.005	-0.000
0.000	0.008	0.038	0.088	0.181	0.288	0.398	0.464	0.437	0.314	0.254	0.157	0.014	-0.005	-0.033	-0.185	-0.079	-0.116	-0.152	-0.119	-0.036	-0.072	-0.031	-0.014	-0.022	-0.022	-0.031	-0.019	-0.006	-0.004	0.001	0.000
0.000	0.001	-0.000	-0.001	-0.014	-0.028	-0.047	-0.051	-0.071	-0.073	-0.098	-0.121	-0.138	0.098	0.757	0.011	-0.361	-0.267	-0.233	-0.118	-0.107	-0.085	-0.083	-0.060	-0.050	-0.031	-0.023	-0.012	-0.007	-0.002	-0.000	-0.000
0.000	-0.001	-0.005	-0.014	-0.021	-0.043	-0.051	-0.063	0.020	0.082	0.163	0.179	0.386	0.294	0.151	-0.010	-0.028	-0.291	-0.303	-0.337	-0.252	-0.268	-0.191	-0.200	-0.125	-0.077	0.167	0.271	-0.107	-0.055	-0.009	-0.000
0.000	-0.001	-0.002	-0.009	-0.014	-0.033	-0.036	-0.074	-0.071	-0.125	-0.110	-0.176	-0.138	-0.229	-0.152	-0.204	-0.088	0.058	0.452	0.370	0.521	0.284	0.130	0.020	0.013	-0.135	-0.097	-0.085	-0.035	-0.021	-0.004	-0.000
0.000	0.009	0.040	0.098	0.182	0.288	0.399	0.465	0.449	0.353	0.208	0.059	-0.022	-0.097	-0.141	-0.158	-0.146	-0.124	-0.095	-0.065	-0.041	-0.029	-0.021	-0.018	-0.019	-0.019	-0.019	-0.016	-0.011	-0.006	-0.002	-0.000
0.000	-0.000	0.003	0.010	0.024	0.035	0.068	0.068	0.045	0.012	-0.006	-0.089	-0.105	-0.147	-0.120	-0.150	-0.117	-0.155	-0.121	-0.009	0.386	0.282	0.602	-0.423	-0.161	-0.043	-0.031	-0.025	-0.011	-0.006	-0.001	-0.000
0.000	0.031	0.090	0.113	0.078	0.001	-0.086	-0.192	-0.253	-0.290	-0.279	-0.205	-0.121	-0.031	-0.034	-0.002	-0.017	-0.035	-0.157	-0.196	-0.280	-0.308	-0.329	-0.287	-0.281	-0.210	-0.177	-0.116	-0.066	-0.021	-0.004	-0.000
0.000	0.000	0.003	0.010	0.026	0.053	0.094	0.146	0.208	0.274	0.340	0.401	0.439	0.423	0.345	0.232	0.120	0.030	-0.011	-0.039	-0.051	-0.050	-0.042	-0.032	-0.022	-0.014	-0.008	-0.004	-0.002	-0.001	-0.000	-0.000
0.000	-0.001	-0.003	-0.005	0.012	0.031	0.065	0.085	0.171	0.152	0.085	0.014	-0.008	-0.149	-0.160	-0.206	-0.163	-0.196	-0.148	-0.176	-0.138	-0.118	0.253	0.578	-0.340	-0.355	-0.164	-0.053	-0.017	-0.009	-0.002	-0.000
0.000	0.020	-0.086	-0.192	-0.201	-0.135	-0.122	-0.195	-0.191	-0.273	-0.242	-0.319	-0.259	-0.323	-0.232	-0.269	-0.162	-0.169	-0.047	-0.027	0.050	0.078	0.166	0.181	0.217	0.195	0.177	0.127	0.082	0.038	0.010	0.000
0.000	0.006	0.027	0.067	0.129	0.206	0.297	0.387	0.457	0.462	0.397	0.274	0.148	0.038	-0.009	-0.040	-0.048	-0.039	-0.021	-0.007	0.005	0.013	0.020	0.018	0.014	0.007	0.003	-0.000	-0.001	-0.001	-0.000	-0.000
0.000	0.009	-0.113	-0.076	-0.162	-0.175	-0.172	-0.146	-0.229	-0.210	-0.320	-0.245	-0.340	-0.236	-0.315	-0.182	-0.229	-0.081	-0.099	0.008	0.011	0.123	0.134	0.207	0.201	0.219	0.179	0.145	0.090	0.046	0.012	0.000
0.000	0.012	0.050	0.120	0.218	0.338	0.430	0.467	0.394	0.268	0.111	-0.001	-0.082	-0.149	-0.182	-0.195	-0.174	-0.144	-0.105	-0.068	-0.046	-0.026	-0.016	-0.016	-0.017	-0.025	-0.022	-0.018	-0.012	-0.006	-0.002	-0.000
0.000	-0.002	-0.010	-0.017	-0.033	-0.040	-0.059	-0.058	-0.075	-0.059	-0.065	-0.027	-0.014	0.025	0.060	0.141	0.192	0.274	0.317	0.369	0.378	0.379	0.344	0.303	0.242	0.176	0.104	0.049	0.016	0.003	0.000	-0.000
0.000	-0.001	-0.003	-0.003	0.014	0.027	0.063	0.097	0.143	0.107	0.040	0.001	-0.062	-0.178	-0.174	-0.211	-0.173	-0.200	-0.158	-0.185	-0.103	0.041	0.462	0.307	-0.497	-0.298	-0.120	-0.032	-0.018	-0.009	-0.002	-0.000
0.000	-0.000	0.000	0.006	0.015	0.031	0.026	0.005	-0.010	-0.035	-0.098	-0.114	-0.142	-0.130	-0.150	-0.132	-0.182	-0.150	-0.032	0.563	0.559	-0.268	-0.197	-0.161	-0.073	-0.045	-0.035	-0.021	-0.013	-0.005	-0.001	-0.000
0.000	-0.002	-0.008	-0.020	-0.039	-0.053	-0.079	-0.108	-0.125	-0.130	-0.175	-0.195	-0.218	-0.232	-0.279	-0.264	-0.325	-0.272	-0.332	-0.272	-0.299	-0.227	-0.228	-0.187	-0.159	-0.006	0.008	0.018	0.013	0.011	0.000	0.000
0.000	-0.000	-0.002	-0.010	-0.017	-0.031	-0.035	-0.053	-0.053	-0.087	-0.072	0.012	0.452	0.518	-0.459	-0.377	-0.255	-0.108	-0.098	-0.111	-0.089	-0.091	-0.060	-0.057	-0.035	-0.030	-0.015	-0.010	-0.003	-0.002	-0.000	-0.000
0.000	-0.002	-0.008	-0.014	-0.019	-0.009	-0.012	0.037	0.026	0.023	0.010	0.011	-0.012	-0.000	-0.121	-0.088	-0.286	-0.182	-0.349	-0.241	-0.411	-0.242	-0.328	-0.191	-0.006	0.367	0.232	0.254	0.160	0.092	0.016	0.000
0.000	-0.001	-0.001	-0.001	0.002	0.011	0.027	0.054	0.092	0.142	0.198	0.258	0.313	0.360	0.396	0.413	0.386	0.311	0.210	0.113	0.038	-0.000	-0.016	-0.023	-0.021	-0.017	-0.011	-0.006	-0.003	-0.001	-0.000	-0.000
0.000	-0.004	-0.010	-0.026	-0.036	-0.067	-0.069	-0.107	-0.094	-0.129	-0.093	-0.118	-0.058	-0.066	0.001	0.007	0.105	0.140	0.245	0.283	0.359	0.368	0.387	0.349	0.314	0.247	0.185	0.114	0.057	0.019	0.003	0.000
0.000	-0.001	-0.004	-0.007	-0.005	0.028	0.044	0.095	0.139	0.202	0.150	0.056	0.002	-0.070	-0.214	-0.196	-0.241	-0.188	-0.221	-0.163	-0.194	-0.106	0.010	0.409	0.341	-0.442	-0.254	-0.093	-0.022	-0.009	-0.003	-0.000
0.000	-0.001	-0.003	-0.004	-0.004	-0.001	0.004	0.020	0.043	0.081	0.124	0.181	0.237	0.295	0.339	0.376	0.395	0.396	0.350	0.265	0.166	0.083	0.023	-0.002	-0.013	-0.015	-0.012	-0.008	-0.004	-0.002	-0.000	-0.000
0.000	-0.001	-0.008	-0.012	-0.012	0.131	0.296	-0.480	-0.522	-0.353	-0.161	-0.137	-0.187	-0.155	-0.199	-0.151	-0.183	-0.127	-0.143	-0.088	-0.095	-0.045	-0.044	-0.007	-0.003	0.016	0.017	0.023	0.017	0.011	0.003	0.000
0.000	-0.005	-0.011	-0.028	-0.039	-0.072	-0.077	-0.117	-0.104	-0.143	-0.110	-0.145	-0.084	-0.096	-0.015	-0.007	0.065	0.095	0.204	0.250	0.339	0.356	0.391	0.364	0.332	0.265	0.203	0.133	0.071	0.026	0.005	0.000
0.000	0.021	0.088	0.201	0.339	0.462	0.500	0.436	0.289	0.121	0.000	-0.072	-0.121	-0.124	-0.095	-0.045	-0.013	0.008	0.033	0.043	0.043	0.030	0.011	-0.004	-0.014	-0.022	-0.026	-0.022	-0.015	-0.007	-0.002	-0.000
0.000	-0.001	-0.005	-0.011	-0.016	-0.022	-0.023	-0.022	-0.014	-0.003	0.017	0.047	0.092	0.144	0.206	0.263	0.318	0.355	0.375	0.375	0.360	0.322	0.257	0.175	0.098	0.042	0.011	-0.000	-0.003	-0.002	-0.001	-0.000
0.000	-0.000	-0.001	0.006	0.013	0.039	0.056	0.100	0.080	0.042	0.006	-0.016	-0.121	-0.107	-0.155	-0.112	-0.152	-0.101	-0.138	-0.086	-0.047	0.364	0.549	-0.497	-0.363	-0.157	-0.043	-0.020	-0.015	-0.005	-0.002	-0.000
0.000	0.000	-0.000	-0.002	-0.015	-0.021	-0.036	-0.038	-0.064	-0.061	-0.085	-0.071	-0.069	0.224	0.559	-0.470	-0.477	-0.312	-0.155	-0.098	-0.106	-0.074	-0.075	-0.049	-0.048	-0.026	-0.021	-0.009	-0.007	-0.002	-0.001	-0.000
0.000	0.001	0.004	0.005	0.001	-0.002	-0.027	-0.038	-0.056	-0.058	-0.076	-0.071	-0.100	-0.091	-0.006	0.314	0.252	0.646	-0.505	-0.226	-0.083	-0.068	-0.070	-0.049	-0.047	-0.027	-0.024	-0.013	-0.008	-0.003	-0.001	-0.000
0.000	-0.001	-0.004	-0.002	0.000	0.015	0.024	0.036	0.019	0.030	0.009	-0.000	-0.083	-0.065	-0.193	-0.150	-0.311	-0.260	-0.358	-0.265	-0.365	-0.225	-0.294	-0.133	0.044	0.340	0.236	0.226	0.150	0.072	0.011	0.000
0.000	-0.002	-0.006	-0.016	-0.022	-0.047	-0.051	-0.045	0.267	0.589	-0.335	-0.346	-0.310	-0.201	-0.155	-0.178	-0.147	-0.169	-0.124	-0.133	-0.092	-0.092	-0.052	-0.050	-0.021	-0.017	-0.002	-0.000	0.004	0.003	0.001	0.000
0.000	-0.003	-0.012	-0.032	0.103	-0.438	-0.170	-0.295	-0.293	-0.266	-0.182	-0.245	-0.200	-0.284	-0.210	-0.271	-0.180	-0.223	-0.129	-0.152	-0.063	-0.069	-0.008	-0.006	0.036	0.036	0.054	0.044	0.037	0.019	0.006	0.000
0.000	-0.001	-0.004	-0.006	-0.012	-0.018	-0.029	-0.041	-0.077	-0.088	-0.143	-0.166	-0.230	-0.228	-0.280	-0.266	-0.331	-0.309	-0.337	-0.270	-0.312	-0.245	-0.237	-0.182	-0.176	-0.022	0.003	0.020	0.013	0.012	0.000	-0.000
0.000	-0.002	-0.010	-0.015	-0.015	0.123	0.348	-0.414	-0.474	-0.318	-0.167	-0.163	-0.218	-0.191	-0.235	-0.187	-0.217	-0.154	-0.167	-0.099	-0.104	-0.045	-0.040	-0.000	0.006	0.030	0.030	0.035	0.024	0.015	0.004	0.000
0.000	0.001	0.005	0.014	0.027	0.026	0.013	0.001	-0.023	-0.073	-0.079	-0.107	-0.094	-0.118	-0.103	-0.131	-0.080	0.043	0.443	0.309	-0.608	-0.421	-0.201	-0.069	-0.052	-0.047	-0.028	-0.021	-0.010	-0.005	-0.001	-0.000
0.000	-0.001	-0.004	-0.011	-0.019	-0.036	-0.049	-0.078	-0.094	-0.138	-0.146	-0.192	-0.205	-0.138	0.084	0.130	0.315	0.446	0.498	0.291	0.036	-0.001	-0.126	-0.228	-0.181	-0.154	-0.098	-0.072	-0.037	-0.021	-0.004	0.000
0.000	0.039	0.137	0.230	0.258	0.188	0.052	-0.064	-0.200	-0.315	-0.357	-0.359	-0.311	-0.248	-0.123	-0.061	-0.022	-0.023	-0.017	-0.053	-0.075	-0.142	-0.161	-0.193	-0.162	-0.161	-0.116	-0.090	-0.047	-0.021	-0.003	-0.000
0.000	-0.000	-0.004	-0.008	-0.017	-0.021	-0.036	-0.036	-0.059	-0.044	-0.004	0.286	0.381	-0.591	-0.502	-0.283	-0.113	-0.096	-0.113	-0.083	-0.091	-0.063	-0.062	-0.037	-0.036	-0.018	-0.015	-0.005	-0.003	-0.000	-0.000	0.000
0.000	0.000	-0.002	-0.009	-0.015	-0.027	-0.030	-0.046	-0.048	-0.071	-0.051	0.033	0.357	0.269	-0.625	-0.493	-0.270	-0.108	-0.099	-0.107	-0.082	-0.082	-0.057	-0.053	-0.033	-0.027	-0.014	-0.010	-0.003	-0.001	-0.000	0.000
0.000	-0.002	-0.022	-0.061	-0.078	0.000	-0.227	-0.391	0.076	0.000	-0.221	-0.117	-0.199	-0.167	0.268	-0.129	-0.290	-0.284	-0.015	-0.171	0.143	0.244	0.263	0.178	0.329	0.221	0.148	0.073	0.036	0.011	0.000	-0.000
0.000	0.000	0.000	-0.005	-0.016	-0.025	-0.036	-0.044	-0.058	-0.064	-0.083	-0.063	0.083	0.456	0.107	-0.628	-0.465	-0.252	-0.102	-0.098	-0.096	-0.078	-0.069	-0.051	-0.041	-0.027	-0.019	-0.010	-0.005	-0.002	-0.000	-0.000
0.000	0.009	0.041	0.096	0.185	0.283	0.311	0.290	0.176	0.096	-0.028	-0.132	-0.211	-0.263	-0.283	-0.288	-0.317	-0.158	-0.232	-0.242	-0.204	-0.163	-0.082	-0.111	-0.079	-0.092	-0.048	-0.042	-0.029	-0.012	-0.003	-0.000
0.000	-0.002	-0.010	-0.018	-0.037	-0.044	-0.069	-0.066	-0.091	-0.071	-0.088	-0.047	-0.048	0.001	0.012	0.092	0.131	0.223	0.267	0.341	0.364	0.390	0.366	0.339	0.283	0.224	0.149	0.083	0.034	0.009	0.001	0.000
0.000	0.029	0.106	0.204	0.271	0.275	0.214	0.144	0.043	0.010	0.006	0.008	0.038	0.123	0.205	0.284	0.350	0.372	0.335	0.307	0.225	0.154	0.086	0.035	0.014	0.005	-0.009	-0.004	-0.008	-0.005	-0.002	-0.000
0.000	-0.000	0.002	0.005	0.026	0.022	0.012	-0.009	-0.009	-0.084	-0.094	-0.131	-0.109	-0.148	-0.116	-0.161	-0.144	-0.188	0.215	-0.789	-0.224	-0.244	-0.163	-0.118	-0.059	-0.052	-0.028	-0.024	-0.010	-0.005	-0.001	-0.000
0.000	-0.000	-0.002	-0.003	-0.005	-0.003	-0.008	-0.003	-0.014	-0.011	-0.038	-0.037	-0.084	-0.075	-0.138	-0.119	-0.194	-0.148	-0.227	-0.155	0.008	0.381	0.347	0.403	0.405	0.355	0.177	0.043	0.006	-0.009	-0.006	-0.000
0.000	0.005	0.006	-0.006	-0.024	-0.050	-0.095	-0.143	-0.183	-0.211	-0.202	-0.192	-0.293	-0.263	-0.185	-0.274	-0.278	-0.241	-0.260	-0.255	-0.290	-0.243	-0.195	-0.177	-0.153	-0.126	-0.081	-0.044	-0.020	-0.007	-0.001	0.000
0.000	-0.002	-0.010	-0.018	-0.021	-0.018	-0.011	-0.002	-0.002	0.000	-0.004	-0.014	-0.072	-0.128	-0.193	-0.246	-0.302	-0.304	-0.348	-0.341	-0.343	-0.306	-0.287	-0.246	-0.212	-0.156	-0.123	-0.072	-0.032	-0.006	0.000	0.000
0.000	0.001	0.001	-0.000	-0.009	-0.023	-0.034	-0.046	-0.054	-0.065	-0.073	-0.089	-0.066	0.119	0.494	-0.002	-0.625	-0.440	-0.224	-0.092	-0.092	-0.082	-0.070	-0.058	-0.043	-0.031	-0.020	-0.012	-0.006	-0.002	-0.000	-0.000
0.000	0.005	0.009	0.009	0.005	-0.020	-0.056	-0.075	-0.006	0.070	0.336	0.018	0.121	0.448	-0.071	0.181	0.024	-0.068	0.199	-0.210	-0.350	-0.198	-0.168	-0.056	-0.021	-0.058	-0.118	-0.125	-0.013	-0.000	0.006	0.000
0.000	0.017	0.071	0.162	0.284	0.405	0.472	0.445	0.322	0.155	0.013	-0.078	-0.160	-0.193	-0.185	-0.155	-0.110	-0.062	-0.026	-0.008	-0.001	0.001	-0.006	-0.017	-0.023	-0.029	-0.028	-0.024	-0.016	-0.009	-0.002	-0.000
0.000	-0.001	-0.006	-0.011	-0.022	-0.008	0.017	0.041	0.076	0.202	0.180	0.109	-0.008	-0.008	-0.189	-0.241	-0.271	-0.237	-0.250	-0.207	-0.217	-0.203	-0.174	0.126	0.603	-0.032	-0.183	-0.085	-0.039	-0.010	-0.003	-0.000
0.000	0.005	0.007	-0.000	-0.005	-0.005	0.006	0.043	0.069	0.121	0.149	0.175	0.154	0.131	0.055	0.040	-0.037	-0.059	-0.143	-0.159	-0.231	-0.209	-0.264	-0.165	0.047	0.393	0.362	0.298	0.215	0.109	0.020	0.000
0.000	-0.002	-0.006	-0.015	-0.027	-0.052	-0.069	-0.110	-0.133	-0.193	-0.206	-0.268	-0.273	-0.336	-0.317	-0.359	-0.357	-0.363	-0.034	0.040	0.083	0.074	0.077	-0.061	-0.035	-0.103	-0.111	-0.097	-0.048	-0.023	-0.005	-0.000
0.000	-0.000	-0.003	-0.006	-0.016	-0.022	-0.047	-0.050	-0.095	-0.092	-0.156	-0.135	-0.211	-0.171	-0.255	-0.176	-0.228	-0.093	0.062	0.430	0.355	0.490	0.272	0.115	0.014	0.007	-0.102	-0.070	-0.053	-0.018	-0.006	-0.000
0.000	-0.000	-0.001	-0.003	-0.009	-0.013	-0.024	-0.030	-0.052	-0.056	-0.087	-0.086	-0.058	0.133	0.249	0.349	0.365	0.560	0.426	0.186	0.041	-0.006	-0.152	-0.149	-0.135	-0.092	-0.074	-0.042	-0.028	-0.012	-0.002	0.000
0.000	0.015	0.022	-0.002	-0.047	-0.104	-0.139	-0.147	-0.091	-0.039	0.015	0.066	0.170	0.172	0.145	0.021	0.014	-0.050	-0.095	-0.301	-0.266	-0.384	-0.310	-0.373	-0.283	-0.270	-0.174	-0.141	-0.070	-0.032	-0.004	-0.000
0.000	-0.006	-0.037	-0.049	-0.069	-0.067	-0.033	-0.180	-0.266	-0.051	-0.102	-0.098	-0.302	-0.190	-0.000	-0.121	-0.061	-0.059	-0.038	0.213	0.293	0.320	0.329	0.276	0.309	0.330	0.200	0.179	0.112	0.045	0.006	0.000
0.000	0.030	0.076	0.073	0.054	0.055	-0.038	-0.099	-0.000	-0.000	0.084	-0.094	-0.205	0.000	0.000	0.465	0.465	0.456	-0.000	-0.000	0.282	0.336	-0.073	-0.000	-0.050	-0.266	-0.028	0.018	-0.010	-0.019	-0.006	-0.000
